-- 初始值
delete from keytable;
INSERT INTO keytable (key_name,key_value) VALUES ('roleid',20);
INSERT INTO keytable (key_name,key_value) VALUES ('tellers',50);
INSERT INTO keytable (key_name,key_value) VALUES ('batchno',20);
INSERT INTO keytable (key_name,key_value) VALUES ('hrds',20);
INSERT INTO keytable (key_name,key_value) VALUES ('paldbcount',0);

delete from etl_para;
INSERT INTO etl_para (etl_sys_cd, para_cd, para_val, para_type, para_desc) VALUES ('SYS', '#txdate', '#txdate', 'param', '当前跑批日,格式yyyyMMdd');
INSERT INTO etl_para (etl_sys_cd, para_cd, para_val, para_type, para_desc) VALUES ('SYS', '#txdate_next', '#txdate_next', 'param', '后一跑批日,格式yyyyMMdd');
INSERT INTO etl_para (etl_sys_cd, para_cd, para_val, para_type, para_desc) VALUES ('SYS', '#txdate_pre', '#txdate_pre', 'param', '前一跑批日,格式yyyyMMdd');

delete from sys_role;
INSERT INTO sys_role (role_id,role_name) VALUES ('1001','管理员');
INSERT INTO sys_role (role_id,role_name) VALUES ('1002','数据采集管理员');
INSERT INTO sys_role (role_id,role_name) VALUES ('1003','作业管理员');
INSERT INTO sys_role (role_id,role_name) VALUES ('1004','信息爬虫管理员');
INSERT INTO sys_role (role_id,role_name) VALUES ('1005','监控管理员');
INSERT INTO sys_role (role_id,role_name) VALUES ('1006','全文检索管理员');
INSERT INTO sys_role (role_id,role_name) VALUES ('1007','数据可视化管理员');
INSERT INTO sys_role (role_id,role_name) VALUES ('1008','监控管理员');
INSERT INTO sys_role (role_id,role_name) VALUES ('1009','REST接口管理员');
INSERT INTO sys_role (role_id,role_name) VALUES ('1010','集市管理员');
INSERT INTO sys_role (role_id,role_name) VALUES ('1011', '机器学习管理员');
INSERT INTO sys_role (role_id,role_name) VALUES ('3001', '集市数据加工管理员');
INSERT INTO sys_role (role_id,role_name) VALUES ('1012', '流数据管理员');
INSERT INTO sys_role (role_id,role_name) VALUES ('1013', '数据管控管理员');

delete from component_info;
-- insert into component_info(comp_id,comp_name,comp_state,comp_version,icon_info,color_info,comp_type,comp_remark) values('A000','系统管理','1','0.98.0','fa-cog','btn-default','1','');
insert into component_info(comp_id,comp_name,comp_state,comp_version,icon_info,color_info,comp_type,comp_remark) values('B000','数据采集','1','0.98.0','fa-cog','btn-warning','1','');
insert into component_info(comp_id,comp_name,comp_state,comp_version,icon_info,color_info,comp_type,comp_remark) values('C000','作业管理','1','0.98.0','fa-book','btn-primary','1','');
insert into component_info(comp_id,comp_name,comp_state,comp_version,icon_info,color_info,comp_type,comp_remark) values('D000','报表管理','1','0.98.0','fa-bar-chart-o','btn-warning','1','');
insert into component_info(comp_id,comp_name,comp_state,comp_version,icon_info,color_info,comp_type,comp_remark) values('E000','爬虫管理','1','0.98.0','fa-bug','btn-success','1','');
insert into component_info(comp_id,comp_name,comp_state,comp_version,icon_info,color_info,comp_type,comp_remark) values('F000','监控管理','1','0.98.0','fa-search','btn-info','1','');
insert into component_info(comp_id,comp_name,comp_state,comp_version,icon_info,color_info,comp_type,comp_remark) values('B001','全文检索','1','0.98.0','fa-crosshairs','btn-danger','1','');
insert into component_info(comp_id,comp_name,comp_state,comp_version,icon_info,color_info,comp_type,comp_remark) values('G000','REST接口','1','0.98.0','fa-bell','btn-purple','1','');
insert into component_info(comp_id,comp_name,comp_state,comp_version,icon_info,color_info,comp_type,comp_remark) values('H000','集市管理','1','0.98.0','fa-briefcase','btn-pink','1','');


insert into component_info(comp_id,comp_name,comp_state,comp_version,comp_type,comp_remark) values('1000000001','查询引擎','1','0.13.1','2','Hive');
insert into component_info(comp_id,comp_name,comp_state,comp_version,comp_type,comp_remark) values('1000000002','流式计算','1','1.4','2','Spark Streaming');
insert into component_info(comp_id,comp_name,comp_state,comp_version,comp_type,comp_remark) values('1000000003','离线计算','1','2.5.1','2','Hadoop&MapReduce/Berkeley&Spark');
insert into component_info(comp_id,comp_name,comp_state,comp_version,comp_type,comp_remark) values('1000000004','键值存储','1','0.98.11','2','Hbase');
insert into component_info(comp_id,comp_name,comp_state,comp_version,comp_type,comp_remark) values('1000000005','文件存储','1','2.5.1','2','HDFS');
insert into component_info(comp_id,comp_name,comp_state,comp_version,comp_type,comp_remark) values('1000000006','资源管理','1','2.5.1','2','Hadoop&Yarn');

insert into component_info(comp_id,comp_name,comp_state,comp_version,comp_type,comp_remark) values('1000000007','日志收集系统','1','1.5','2','Cloudera&Flume');
insert into component_info(comp_id,comp_name,comp_state,comp_version,comp_type,comp_remark) values('1000000008','消息系统','1','2.9.1','2','Apache&Kafka');
insert into component_info(comp_id,comp_name,comp_state,comp_version,comp_type,comp_remark) values('1000000009','分布式服务','1','3.4.6','2','ZooKeeper');
insert into component_info(comp_id,comp_name,comp_state,comp_version,comp_type,comp_remark) values('1000000010','搜索引擎','1','5.3','2','SolrCloud/Solr');
insert into component_info(comp_id,comp_name,comp_state,comp_version,comp_type,comp_remark) values('1000000011','数据挖掘','1','0.13.1','2','Mahout');


delete from component_menu;
INSERT INTO component_menu (menu_id,comp_id,menu_path,user_type,menu_name,menu_remark) VALUES ('1000000099','A000','/userManagement','99','用户管理','el-icon-user-solid');
INSERT INTO component_menu (menu_id,comp_id,menu_path,user_type,menu_name,menu_remark) VALUES ('1000000098','A000','/departmentalList','98','部门管理','el-icon-s-cooperation');
INSERT INTO component_menu (menu_id,comp_id,menu_path,user_type,menu_name,menu_remark) VALUES ('1000000097','A000','systemParameters','97','系统参数管理','el-icon-s-order');
INSERT INTO component_menu (menu_id,comp_id,menu_path,user_type,menu_name,menu_remark) VALUES ('1000000096','A000','/dataSorting','96','数据整理','el-icon-s-tools');
INSERT INTO component_menu (menu_id,comp_id,menu_path,user_type,menu_name,menu_remark) VALUES ('1000000095','A000','/dataStoreLayer','95','数据存储层定义','el-icon-s-unfold');

INSERT INTO component_menu (menu_id,comp_id,menu_path,user_type,menu_name,menu_remark) VALUES ('1000000002','B000','/datasourceManagement','01','采集管理','el-icon-s-data');
INSERT INTO component_menu (menu_id,comp_id,menu_path,user_type,menu_name,menu_remark) VALUES ('1000000003','B000','/collectmonitor','02','数据采集','el-icon-s-data');
INSERT INTO component_menu (menu_id,comp_id,menu_path,user_type,menu_name,menu_remark) VALUES ('1000000004','B000','/dataQuery','03','数据查询','el-icon-search');
INSERT INTO component_menu (menu_id,comp_id,menu_path,user_type,menu_name,menu_remark) VALUES ('1000000026','C000','/etlMage','04','作业调度','el-icon-menu');
INSERT INTO component_menu (menu_id,comp_id,menu_path,user_type,menu_name,menu_remark) VALUES ('1000000009','D000','/dataReport','07','数据可视化查询','el-icon-search');
INSERT INTO component_menu (menu_id,comp_id,menu_path,user_type,menu_name,menu_remark) VALUES ('1000000010','D000','/reportAnalysis','08','数据可视化分析','el-icon-dish-1');
INSERT INTO component_menu (menu_id,comp_id,menu_path,user_type,menu_name,menu_remark) VALUES ('1000000011','D000','/reportQuery','09','数据可视化查看','el-icon-food');
INSERT INTO component_menu (menu_id,comp_id,menu_path,user_type,menu_name,menu_remark) VALUES ('1000000017','D000','/reportMage','06','数据可视化管理','el-icon-chicken');
INSERT INTO component_menu (menu_id,comp_id,menu_path,user_type,menu_name,menu_remark) VALUES ('1000000013','F000','/monitoringMage','10','监控管理','el-icon-chat-round');
INSERT INTO component_menu (menu_id,comp_id,menu_path,user_type,menu_name,menu_remark) VALUES ('1000000014','G000','/serviceMage','11','服务接口管理','el-icon-chat-line-round');
INSERT INTO component_menu (menu_id,comp_id,menu_path,user_type,menu_name,menu_remark) VALUES ('1000000015','G000','/serviceUser','12','服务接口用户','el-icon-cpu');
INSERT INTO component_menu (menu_id,comp_id,menu_path,user_type,menu_name,menu_remark) VALUES ('1000000016','B000','/wordSegMage', '13', '分词器管理','el-icon-link');
INSERT INTO component_menu (menu_id,comp_id,menu_path,user_type,menu_name,menu_remark) VALUES ('1000000018','H000','/dataMart', '14', '数据集市','el-icon-connection');
INSERT INTO component_menu (menu_id,comp_id,menu_path,user_type,menu_name,menu_remark) VALUES ('1000000020','H000','/dataProcess', '15', '数据加工','el-icon-film');
INSERT INTO component_menu (menu_id,comp_id,menu_path,user_type,menu_name,menu_remark) VALUES ('1000000019','I000','/machineLearn', '16', '机器学习工作台','el-icon-cpu');
INSERT INTO component_menu (menu_id,comp_id,menu_path,user_type,menu_name,menu_remark) VALUES ('1000000027','I000','/machineLearnBus', '17', '机器学习业务','el-icon-cpu');
INSERT INTO component_menu (menu_id,comp_id,menu_path,user_type,menu_name,menu_remark) VALUES ('1000000021','J000','/streamMage', '18', '流数据管理','el-icon-s-operation');
INSERT INTO component_menu (menu_id,comp_id,menu_path,user_type,menu_name,menu_remark) VALUES ('1000000022','J000','/streamProd', '19', '流数据生产','el-icon-s-fold');
INSERT INTO component_menu (menu_id,comp_id,menu_path,user_type,menu_name,menu_remark) VALUES ('1000000029','J000','/streamConsump', '23', '流数据消费','el-icon-s-unfold');
INSERT INTO component_menu (menu_id,menu_path,user_type,menu_name,comp_id,menu_remark) VALUES ('1000000023', '/yhp', '20', '数据库配置(永洪)', 'Z000','el-icon-s-ticket');
INSERT INTO component_menu (menu_id,menu_path,user_type,menu_name,comp_id,menu_remark) VALUES ('1000000024', '/yhd', '21', '报表创建(永洪)', 'Z001','el-icon-s-management');
INSERT INTO component_menu (menu_id,menu_path,user_type,menu_name,comp_id,menu_remark) VALUES ('1000000025', '/yhq', '22', '报表查看(永洪)', 'Z002','el-icon-s-open');
INSERT INTO component_menu (menu_id,menu_path,user_type,menu_name,comp_id,menu_remark) VALUES ('1000000028', '/dataControl', '24', '数据管控', 'K001','el-icon-s-finance');
INSERT INTO component_menu (menu_id,menu_path,user_type,menu_name,comp_id,menu_remark) VALUES ('1000000030', '/freeAnalysisM', '25', '自主分析管理', 'L000','el-icon-s-claim');
INSERT INTO component_menu (menu_id,menu_path,user_type,menu_name,comp_id,menu_remark) VALUES ('1000000031', '/freeAnalysisU', '26', '自主分析操作', 'L001','el-icon-s-grid');

delete from department_info;
INSERT INTO department_info (dep_id,dep_name,create_date,create_time,dep_remark) VALUES ('1000000001','第一部门','20160101','120500','');

delete from sys_user;
INSERT INTO sys_user(USER_ID, CREATE_ID, DEP_ID, ROLE_ID, USER_NAME, USER_PASSWORD, USER_EMAIL, USER_MOBILE, useris_admin,USER_TYPE, usertype_group,LOGIN_IP, LOGIN_DATE, USER_STATE, CREATE_DATE, CREATE_TIME, UPDATE_DATE, UPDATE_TIME, USER_REMARK, TOKEN, VALID_TIME) VALUES ('1000','1000','1000000001','1001','超级管理员', '1', 'ccc@vv.com', '1234567890', '0','00', '99,98,97,96,95','11', '11', '1', '88888888', '111111', '88888888', '111111', '888','0', '0');
INSERT INTO sys_user(user_id, create_id, dep_id, role_id, user_name, user_password, user_email, user_mobile, useris_admin,user_type, usertype_group, login_ip, login_date, user_state, create_date, create_time, update_date, update_time, user_remark, token, valid_time) VALUES (1001, 1000, 1000000001, '1001', '全功能管理员', '1', 'ccc@vv.com', '1234567890','0','01', '01,04,07,10,11,13,16,18,25', null, null, '1', '20181015', '145752', '20181015', '145752', '','0', '0');
INSERT INTO sys_user(user_id, create_id, dep_id, role_id, user_name, user_password, user_email, user_mobile, useris_admin,user_type, usertype_group, login_ip, login_date, user_state, create_date, create_time, update_date, update_time, user_remark, token, valid_time) VALUES (2001, 1000, 1000000001, '1001', '全功能操作员', '1', 'ccc@vv.com', '1234567890','0','02', '02,03,04,08,09,12,14,15,17,19,23,24,26', null, null, '1', '20181015', '145752', '20181015', '145752', '', '0', '0');

delete from tokenizer_list;
INSERT INTO tokenizer_list (TOKENIZER_ID, TOKENIZER_NAME, IS_FLAG) VALUES ('1', '词库管理', '0');
INSERT INTO tokenizer_list (TOKENIZER_ID, TOKENIZER_NAME, IS_FLAG) VALUES ('2', 'Ansj', '1');

delete from edw_job_alg;
INSERT INTO edw_job_alg VALUES ('F1', 'F1:Delete/Insert');
INSERT INTO edw_job_alg VALUES ('F2', 'F2:Upsert');
INSERT INTO edw_job_alg VALUES ('F3', 'F3:History Chain');
INSERT INTO edw_job_alg VALUES ('F5', 'F5:FullData History Chain');
INSERT INTO edw_job_alg VALUES ('I', 'I:Append');



delete from interface_info;
INSERT INTO interface_info VALUES (103, 'marketPagingQuery', '集市表分页查询', '1', '1', '01-122', null, 1001);
INSERT INTO interface_info VALUES (104, 'permissionsTable', '表使用权限查询接口', '1', '1', '01-123', null, 1001);
INSERT INTO interface_info VALUES (105, 'generalQuery','单表普通查询接口', '1', '1', '01-124',NULL,  1001);
INSERT INTO interface_info VALUES (106, 'fastQuery','单表索引查询接口', '1', '1', '01-125', NULL, 1001);
-- INSERT INTO interface_info VALUES (107, 'solrTokenizer','solr词库接口', '2', '1', '01-126', NULL, 1001);
INSERT INTO interface_info VALUES (108, 'fullTextSearch','全文检索接口', '2', '1', '01-127', NULL, 1001);
INSERT INTO interface_info VALUES ('109', 'tableDataDelete', '单表数据删除接口', '1', '1', '01-128', NULL, '1001');
INSERT INTO interface_info VALUES ('110', 'tableDelete', '单表删除接口', '1', '1', '01-129', NULL, '1001');
INSERT INTO interface_info VALUES ('111', 'tableSearch', '表结构查询接口', '1', '1', '01-130', NULL, '1001');
-- INSERT INTO interface_info VALUES ('112', 'summarySearch', '文章摘要接口', '1', '1', '01-131', NULL, '1001');
INSERT INTO interface_info VALUES ('113', 'textSimilar', '文章相似度比较接口', '2', '1', '01-132', NULL, '1001');
INSERT INTO interface_info VALUES ('114', 'smallFileSearch', '文件属性搜索接口', '1', '1', '01-133', NULL, '1001');
INSERT INTO interface_info VALUES ('115', 'sqlInterfaceSearch', 'sql查询接口', '1', '1', '01-134', NULL, '1001');
INSERT INTO interface_info VALUES ('116', 'getOriginalData', '数据下载接口', '2', '1', '01-135', NULL, '1001');
INSERT INTO interface_info VALUES ('117', 'secondIndexBatch', '二级索引日期范围查询接口', '1', '1', '01-136', NULL, '1001');
INSERT INTO interface_info VALUES ('118', 'rowKeySearch', 'rowkey查询', '1', '1', '01-137', null, 1001);
INSERT INTO interface_info VALUES ('119', 'solrSearch', 'solr查询接口', '1', '1', '01-138', NULL, '1001');
INSERT INTO interface_info VALUES ('120', 'fastQueryHbase', '单表二级索引查询接口（hyren）', '1', '1', '01-140', null, 1001);
INSERT INTO interface_info VALUES (121, 'dataBatchOper', '表数据批量更新接口', '1', '1', '01-141', null, 1001);
INSERT INTO interface_info VALUES (122, 'hbaseSolrQuery', 'Solr查询Hbase数据接口', '1', '1', '01-142', null, 1001);
INSERT INTO interface_info VALUES (123, 'uuidDownload', 'UUID数据下载', '2', '1', '01-143', null, 1001);
INSERT INTO interface_info VALUES (124, 'language', '文本语种', '2', '1', '01-144', null, 1001);
INSERT INTO interface_info VALUES (125, 'entityRecognition', '实体识别', '2', '1', '01-145', null, 1001);
INSERT INTO interface_info VALUES (126, 'emotionValue', '情感分析', '2', '1', '01-146', null, 1001);
INSERT INTO interface_info VALUES (127, 'textClassification', '文本分类', '2', '1', '01-147', null, 1001);
INSERT INTO interface_info VALUES (128, 'ocrExtract', 'OCR识别', '2', '1', '01-148', null, 1001);
INSERT INTO interface_info VALUES (129, 'pictureSeach', '以图搜图接口', '1', '1', '01-149', null, 1001);
INSERT INTO interface_info VALUES (132, 'dataTableOperate', '数据表操作接口', '1', '1', '01-152', NULL, 1001);
INSERT INTO interface_info VALUES (137, 'inserthbasedata', 'HBase数据新增接口', '1', '1', '01-157', null, 1001);
INSERT INTO interface_info VALUES (136, 'tableCreate', 'hbase表创建接口', '1', '1', '01-156', null, 1001);
INSERT INTO interface_info VALUES (138, 'createTable', '创建无溯源Spark表接口', '1', '1', '01-158', NULL, 1001);
INSERT INTO interface_info VALUES (139, 'insertTable', '插入Spark数据接口', '1', '1', '01-159', NULL, 1001);
INSERT INTO interface_info VALUES (140, 'updateTable', '更新Spark表数据接口', '1', '1', '01-160', NULL, 1001);
INSERT INTO interface_info VALUES (141, 'deleteTableData', '删除Spark表数据接口', '1', '1', '01-161', NULL, 1001);
INSERT INTO interface_info VALUES (142, 'dropTable', '删除Spark表接口', '1', '1', '01-162', NULL, 1001);
INSERT INTO interface_info VALUES (143, 'createTraceTable', '创建有溯源Spark表接口', '1', '1', '01-163', NULL, 1001);
INSERT INTO interface_info VALUES (144, 'singleFileUpload', '单文件上传接口', '1', '1', '01-150', null, 1001);



delete from report_type_table;
INSERT INTO report_type_table (report_type_id, report_type, report_type_name, report_title, report_print_position, report_data_filed, report_style_filed) VALUES (13, '013', 'echartPie', '饼图', '/images/echartPie.png', '{''data'':{ ''structtypes'':''normal'',''filed'':{''name'' : ''名字'' , ''value'' : ''值''},''istype'':''false'', ''hint'':''只是为了测试''},''style'':{''ClickEventType'': {''style'':{''type'':''select'',''title'':[''点击事件类型'',''请选择'']},''value'':[''无'',''外部链接'']}}}', '{''style'' : {''titletext'':{''style'':{''type'':''text'',''title'':[''主标题文本'',''请输入标题文本'']},''value'':[]} , ''titlelink'':{''style'':{''type'':''text'',''title'':[''主标题文本超链接'',''请以传输协议开头(http:// https://)'']} , ''value'':[]}, ''titilefontcolor'':{''style'':{''type'':''color'',''title'':[''标题字体颜色'',''请选择'']} , ''value'':[''#808080'']}, ''titlefontstyle'':{''style'':{''type'':''select'',''title'':[''标题字体风格'',''请选择'']} , ''value'':[''normal'',''italic'',''oblique'']}, ''titlefontsize'':{''style'':{''type'':''text'',''title'':[''标题文字大小'',''请输入数值'']} , ''value'':[]}, ''titletextalign'':{''style'':{''type'':''select'',''title'':[''标题文本水平对齐方式'',''请选择'']} , ''value'':[''left'',''center'',''right'']}, ''titletextbaseline'':{''style'':{''type'':''select'',''title'':[''标题文本垂直对齐方式'',''请选择'']} , ''value'':[''top'',''middle'',''bottom'']}, ''titletop'':{''style'':{''type'':''text'',''title'':[''标题离上侧距离'',''请输入数值'']} , ''value'':[]}, ''titlesubtext'':{''style'':{''type'':''text'',''title'':[''副标题文本'',''请输入'']} , ''value'':[]}, ''backgroundcolor'':{''style'':{''type'':''color'',''title'':[''背景色'',''请选择'']} , ''value'':[''#FFFFFF'']}, ''x'':{''style'':{''type'':''text'',''title'':[''说明所在x轴位置'',''请输入数值'']} , ''value'':[]}, ''y'':{''style'':{''type'':''select'',''title'':[''说明所在y轴位置'',''请选择'']} , ''value'':[''top'',''bottom'']}, ''legendshow'':{''style'':{''type'':''select'',''title'':[''是否显示说明'',''请选择'']} , ''value'':[''true'',''false'']}, ''minangle'':{''style'':{''type'':''text'',''title'':[''最小扇区角度'',''请输入数值'']} , ''value'':[]}, ''fontcolor'':{''style'':{''type'':''color'',''title'':[''图表字体颜色'',''请选择'']} , ''value'':[''#808080'']}, ''fontstyle'':{''style'':{''type'':''select'',''title'':[''图表字体风格'',''请选择'']} , ''value'':[''normal'',''italic'',''oblique'']}, ''fontsize'':{''style'':{''type'':''text'',''title'':[''图表字体大小'',''请输入数值'']} , ''value'':[]}, ''fontweight'':{''style'':{''type'':''select'',''title'':[''图表字体粗细'',''请选择'']} , ''value'':[''normal'',''bold'',''bolder'',''lighter'']}, ''titlex'':{''style'':{''type'':''select'',''title'':[''标题所在x轴对齐方式'',''请选择'']} , ''value'':[''left'',''center'',''right'']}, ''radius'':{''style'':{''type'':''text'',''title'':[''圆半径'',''请输入数值'']} , ''value'':[]} }}  ');
INSERT INTO report_type_table (report_type_id, report_type, report_type_name, report_title, report_print_position, report_data_filed, report_style_filed) VALUES (14, '014', 'echartStackBar', '堆叠柱状图', '/images/echartStackBar.png', '[]', '');
INSERT INTO report_type_table (report_type_id, report_type, report_type_name, report_title, report_print_position, report_data_filed, report_style_filed) VALUES (15, '015', 'echartScatter', '散点图', '/images/echartCross.png', '[]', '');
INSERT INTO report_type_table (report_type_id, report_type, report_type_name, report_title, report_print_position, report_data_filed, report_style_filed) VALUES (16, '016', 'echartRadar', '雷达图', '/images/echartRadar.png', '{''data'':{ ''structtypes'':''multiplevalued'',''filed'':{''max'' : ''最大值'',''text'' : ''分类'' , ''value'' : ''数据''},''istype'':''false'',''hint'':''''},''style'':{''ClickEventType'': {''style'':{''type'':''select'',''title'':[''点击事件类型'',''请选择'']},''value'':[''无'',''外部链接'']}}}', '{''style'' :{''titletext'':{''style'':{''type'':''text'',''title'':[''主标题文本'',''请输入标题文本'']},''value'':[]} ,''titlelink'':{''style'':{''type'':''text'',''title'':[''主标题文本超链接'',''请以传输协议开头(http:// https://)'']} , ''value'':[]}, ''titilefontcolor'':{''style'':{''type'':''color'',''title'':[''标题字体颜色'',''请选择'']} , ''value'':[''#808080'']}, ''titlex'':{''style'':{''type'':''select'',''title'':[''标题所在x轴对齐方式'',''请选择'']} , ''value'':[''left'',''center'',''right'']}, ''titlefontstyle'':{''style'':{''type'':''select'',''title'':[''标题字体风格'',''请选择'']} , ''value'':[''normal'',''italic'',''oblique'']}, ''titlefontsize'':{''style'':{''type'':''text'',''title'':[''标题文字大小'',''请输入数值'']} , ''value'':[]}, ''titletop'':{''style'':{''type'':''text'',''title'':[''标题离上侧距离'',''请输入数值'']} , ''value'':[]}, ''titlesubtext'':{''style'':{''type'':''text'',''title'':[''副标题文本'',''请输入'']} , ''value'':[]}, ''backgroundcolor'':{''style'':{''type'':''color'',''title'':[''背景色'',''请选择'']} , ''value'':[''#FFFFFF'']}, ''x'':{''style'':{''type'':''select'',''title'':[''说明所在x轴位置'',''请选择'']} , ''value'':[''left'',''center'',''right'']}, ''y'':{''style'':{''type'':''select'',''title'':[''说明所在y轴位置'',''请选择'']} , ''value'':[''top'',''bottom'']}, ''legendshow'':{''style'':{''type'':''select'',''title'':[''是否显示说明'',''请选择'']} , ''value'':[''true'',''false'']}, ''fontcolor'':{''style'':{''type'':''color'',''title'':[''图表字体颜色'',''请选择'']} , ''value'':[''#808080'']}, ''fontstyle'':{''style'':{''type'':''select'',''title'':[''图表字体风格'',''请选择'']} , ''value'':[''normal'',''italic'',''oblique'']}, ''fontsize'':{''style'':{''type'':''text'',''title'':[''图表字体大小'',''请输入数值'']} , ''value'':[]}, ''fontweight'':{''style'':{''type'':''select'',''title'':[''图表字体粗细'',''请选择'']} , ''value'':[''normal'',''bold'',''bolder'',''lighter'']}, ''shape'':{''style'':{''type'':''select'',''title'':[''绘制类型'',''请选择'']} , ''value'':[''多边形'',''圆形'']}, ''isaxislabel'':{''style'':{''type'':''select'',''title'':[''是否显示标签'',''请选择'']} , ''value'':[''true'',''false'']},''axislabelcolor'':{''style'':{''type'':''color'',''title'':[''标签颜色'',''请选择'']} , ''value'':[''white'']}, ''radialgradientcolor0'':{''style'':{''type'':''color'',''title'':[''0%处径向渐变颜色'',''请选择'']} , ''value'':[''#B8D3E4'']},''radialgradientcolor1'':{''style'':{''type'':''color'',''title'':[''100%处径向渐变颜色'',''请选择'']} , ''value'':[''#B8D3E4'']}, ''isdatavalue'':{''style'':{''type'':''select'',''title'':[''是否显示数据值'',''请选择'']} , ''value'':[''true'',''false'']}, ''radius'':{''style'':{''type'':''text'',''title'':[''半径'',''请输入数值'']} , ''value'':[]} }}  ');
INSERT INTO report_type_table (report_type_id, report_type, report_type_name, report_title, report_print_position, report_data_filed, report_style_filed) VALUES (17, '017', 'echartLine', 'K线图', '/images/echartLine.png', '{''data'':{''structtypes'':''normal'', ''filed'':{''xaxis'':''X轴数据'',''open'':''开盘'',''close'':''收盘'',''lowest'':''最低'',''highest'':''最高''},''istype'':''false'', ''hint'':'''' },''style'':{''ClickEventType'': {''style'':{''type'':''select'',''title'':[''点击事件类型'',''请选择'']},''value'':[''无'',''外部链接'']}}}', '{''style'' : {''titletext'':{''style'':{''type'':''text'',''title'':[''主标题文本'',''请输入标题文本'']},''value'':[]} , ''titlelink'':{''style'':{''type'':''text'',''title'':[''主标题文本超链接'',''请以传输协议开头(http:// https://)'']} , ''value'':[]}, ''titilefontcolor'':{''style'':{''type'':''color'',''title'':[''标题字体颜色'',''请选择'']} , ''value'':[''#808080'']}, ''titlefontstyle'':{''style'':{''type'':''select'',''title'':[''标题字体风格'',''请选择'']} , ''value'':[''normal'',''italic'',''oblique'']}, ''titlefontsize'':{''style'':{''type'':''text'',''title'':[''标题文字大小'',''请输入数值'']} , ''value'':[]}, ''titletextalign'':{''style'':{''type'':''select'',''title'':[''标题文本水平对齐方式'',''请选择'']} , ''value'':[''left'',''center'',''right'']}, ''titletextbaseline'':{''style'':{''type'':''select'',''title'':[''标题文本垂直对齐方式'',''请选择'']} , ''value'':[''top'',''middle'',''bottom'']}, ''titletop'':{''style'':{''type'':''text'',''title'':[''标题离上侧距离'',''请输入数值'']} , ''value'':[]}, ''backgroundcolor'':{''style'':{''type'':''color'',''title'':[''背景色'',''请选择'']} , ''value'':[''#FFFFFF'']}, ''x'':{''style'':{''type'':''text'',''title'':[''说明所在x轴位置'',''请输入数值'']} , ''value'':[]}, ''y'':{''style'':{''type'':''select'',''title'':[''说明所在y轴位置'',''请选择'']} , ''value'':[''top'',''bottom'']}, ''legendshow'':{''style'':{''type'':''select'',''title'':[''是否显示说明'',''请选择'']} , ''value'':[''true'',''false'']}, ''fontcolor'':{''style'':{''type'':''color'',''title'':[''图表字体颜色'',''请选择'']} , ''value'':[''#808080'']}, ''fontstyle'':{''style'':{''type'':''select'',''title'':[''图表字体风格'',''请选择'']} , ''value'':[''normal'',''italic'',''oblique'']}, ''fontsize'':{''style'':{''type'':''text'',''title'':[''图表字体大小'',''请输入数值'']} , ''value'':[]}, ''fontweight'':{''style'':{''type'':''select'',''title'':[''图表字体粗细'',''请选择'']} , ''value'':[''normal'',''bold'',''bolder'',''lighter'']}, ''titlex'':{''style'':{''type'':''select'',''title'':[''标题所在x轴对齐方式'',''请选择'']} , ''value'':[''left'',''center'',''right'']}, ''xaxisposition'':{''style'':{''type'':''select'',''title'':[''x轴位置'',''请选择'']} , ''value'':[''top'',''bottom'']}, ''xaxisname'':{''style'':{''type'':''text'',''title'':[''x坐标轴名称'',''请输入名称'']} , ''value'':[]}, ''xaxisnamelocation'':{''style'':{''type'':''select'',''title'':[''x坐标轴名称显示位置'',''请选择'']} , ''value'':[''start'',''middle'',''end'']}, ''xaxisfontsize'':{''style'':{''type'':''text'',''title'':[''x轴坐标名称文字大小'',''请输入数值'']} , ''value'':[]}, ''xaxisnamegap'':{''style'':{''type'':''text'',''title'':[''x轴坐标名称与轴线之间的距离'',''请输入数值'']} , ''value'':[]}, ''xaxisinverse'':{''style'':{''type'':''select'',''title'':[''x轴是否为反向坐标轴'',''请选择'']} , ''value'':[''true'',''false'']}, ''yaxisposition'':{''style'':{''type'':''select'',''title'':[''y轴位置'',''请选择'']} , ''value'':[''left'',''right'']}, ''yaxisname'':{''style'':{''type'':''text'',''title'':[''y坐标轴名称'',''请输入名称'']} , ''value'':[]}, ''yaxisnamelocation'':{''style'':{''type'':''select'',''title'':[''y坐标轴名称显示位置'',''请选择'']} , ''value'':[''start'',''middle'',''end'']}, ''yaxisfontsize'':{''style'':{''type'':''text'',''title'':[''y轴坐标名称文字大小'',''请输入数值'']} , ''value'':[]}, ''yaxisnamegap'':{''style'':{''type'':''text'',''title'':[''y轴坐标名称与轴线之间的距离'',''请输入数值'']} , ''value'':[]}, ''yaxisinverse'':{''style'':{''type'':''select'',''title'':[''y轴是否为反向坐标轴'',''请选择'']} , ''value'':[''true'',''false'']} }} ');
INSERT INTO report_type_table (report_type_id, report_type, report_type_name, report_title, report_print_position, report_data_filed, report_style_filed) VALUES (19, '019', 'echartParallel', '平行坐标图', '/images/echartParallel.png', '[]', '');
INSERT INTO report_type_table (report_type_id, report_type, report_type_name, report_title, report_print_position, report_data_filed, report_style_filed) VALUES (20, '020', 'echartBar', '柱状图', '/images/echartBar.png', '{''data'':{ ''structtypes'':''normal'',''filed'':{''name'' : ''名字'' , ''value'' : ''值''}, ''istype'':''false'',''hint'':''''},''style'':{''ClickEventType'': {''style'':{''type'':''select'',''title'':[''点击事件类型'',''请选择'']},''value'':[''无'',''外部链接'']}}}', '{''style'' : {''titletext'':{''style'':{''type'':''text'',''title'':[''主标题文本'',''请输入标题文本'']},''value'':[]} ,''titlelink'':{''style'':{''type'':''text'',''title'':[''主标题文本超链接'',''请以传输协议开头(http:// https://)'']} , ''value'':[]}, ''titilefontcolor'':{''style'':{''type'':''color'',''title'':[''标题字体颜色'',''请选择'']} , ''value'':[''#808080'']},''titlefontstyle'':{''style'':{''type'':''select'',''title'':[''标题字体风格'',''请选择'']} , ''value'':[''normal'',''italic'',''oblique'']},''titlefontsize'':{''style'':{''type'':''text'',''title'':[''标题文字大小'',''请输入数值'']} , ''value'':[]}, ''titletextalign'':{''style'':{''type'':''select'',''title'':[''标题文本水平对齐方式'',''请选择'']} , ''value'':[''left'',''center'',''right'']}, ''titletextbaseline'':{''style'':{''type'':''select'',''title'':[''标题文本垂直对齐方式'',''请选择'']} , ''value'':[''top'',''middle'',''bottom'']}, ''titletop'':{''style'':{''type'':''text'',''title'':[''标题离上侧距离'',''请输入数值'']} , ''value'':[]}, ''titlesubtext'':{''style'':{''type'':''text'',''title'':[''副标题文本'',''请输入'']} , ''value'':[]}, ''backgroundcolor'':{''style'':{''type'':''color'',''title'':[''背景色'',''请选择'']} , ''value'':[''#FFFFFF'']},''x'':{''style'':{''type'':''text'',''title'':[''说明所在x轴位置'',''请输入数值'']} , ''value'':[]}, ''y'':{''style'':{''type'':''select'',''title'':[''说明所在y轴位置'',''请选择'']} , ''value'':[''top'',''bottom'']}, ''legendshow'':{''style'':{''type'':''select'',''title'':[''是否显示说明'',''请选择'']} , ''value'':[''true'',''false'']},''fontcolor'':{''style'':{''type'':''color'',''title'':[''图表字体颜色'',''请选择'']} , ''value'':[''#808080'']}, ''fontstyle'':{''style'':{''type'':''select'',''title'':[''图表字体风格'',''请选择'']} , ''value'':[''normal'',''italic'',''oblique'']}, ''fontsize'':{''style'':{''type'':''text'',''title'':[''图表字体大小'',''请输入数值'']} , ''value'':[]},''fontweight'':{''style'':{''type'':''select'',''title'':[''图表字体粗细'',''请选择'']} , ''value'':[''normal'',''bold'',''bolder'',''lighter'']}, ''titlex'':{''style'':{''type'':''select'',''title'':[''标题所在x轴对齐方式'',''请选择'']} , ''value'':[''left'',''center'',''right'']}, ''barcolor'':{''style'':{''type'':''color'',''title'':[''柱条颜色'',''请选择'']} , ''value'':[''#3398DB'']}, ''ismerge'':{''style'':{''type'':''select'',''title'':[''是否合并重复'',''请选择'']} , ''value'':[''true'',''false'']},''displaypercent'':{''style'':{''type'':''select'',''title'':[''是否显示百分比'',''请选择'']} , ''value'':[''true'',''false'']} }} ');
INSERT INTO report_type_table (report_type_id, report_type, report_type_name, report_title, report_print_position, report_data_filed, report_style_filed) VALUES (22, '022', 'Ihistogram', '直方图', '/images/Ihistogram.png', '{''data'':{ ''structtypes'':''normal'',''filed'':{''x'' : ''名字'' , ''y'' : ''值''},''istype'':''false'', ''hint'':''''},''style'':{''ClickEventType'': {''style'':{''type'':''select'',''title'':[''点击事件类型'',''请选择'']},''value'':[''无'',''外部链接'']}}}', '{''style'' :{''titletext'':{''style'':{''type'':''text'',''title'':[''主标题文本'',''请输入标题文本'']},''value'':[]} ,''titlelink'':{''style'':{''type'':''text'',''title'':[''主标题文本超链接'',''请以传输协议开头(http:// https://)'']} , ''value'':[]}, ''titilefontcolor'':{''style'':{''type'':''color'',''title'':[''标题字体颜色'',''请选择'']} , ''value'':[''#808080'']}, ''titlex'':{''style'':{''type'':''select'',''title'':[''标题所在x轴对齐方式'',''请选择'']} , ''value'':[''left'',''center'',''right'']}, ''titlefontstyle'':{''style'':{''type'':''select'',''title'':[''标题字体风格'',''请选择'']} , ''value'':[''normal'',''italic'',''oblique'']}, ''titlefontsize'':{''style'':{''type'':''text'',''title'':[''标题文字大小'',''请输入数值'']} , ''value'':[]}, ''titletop'':{''style'':{''type'':''select'',''title'':[''标题离上侧距离'',''请选择'']} , ''value'':[''top'', ''middle'', ''bottom'']}, ''titlesubtext'':{''style'':{''type'':''text'',''title'':[''副标题文本'',''请输入'']} , ''value'':[]}, ''backgroundcolor'':{''style'':{''type'':''color'',''title'':[''背景色'',''请选择'']} , ''value'':[''#FFFFFF'']}, ''x'':{''style'':{''type'':''select'',''title'':[''说明所在x轴位置'',''请选择'']} , ''value'':[''left'',''center'',''right'']}, ''y'':{''style'':{''type'':''select'',''title'':[''说明所在y轴位置'',''请选择'']} , ''value'':[''top'',''bottom'']}, ''legendshow'':{''style'':{''type'':''select'',''title'':[''是否显示说明'',''请选择'']} , ''value'':[''true'',''false'']}, ''fontcolor'':{''style'':{''type'':''color'',''title'':[''图表字体颜色'',''请选择'']} , ''value'':[''#808080'']}, ''fontstyle'':{''style'':{''type'':''select'',''title'':[''图表字体风格'',''请选择'']} , ''value'':[''normal'',''italic'',''oblique'']}, ''fontsize'':{''style'':{''type'':''text'',''title'':[''图表字体大小'',''请输入数值'']} , ''value'':[]}, ''fontweight'':{''style'':{''type'':''select'',''title'':[''图表字体粗细'',''请选择'']} , ''value'':[''normal'',''bold'',''bolder'',''lighter'']} ,''barcolor'':{''style'':{''type'':''color'',''title'':[''柱条颜色'',''请选择'']} , ''value'':[''#3398DB'']},''ismerge'':{''style'':{''type'':''select'',''title'':[''是否合并重复'',''请选择'']} , ''value'':[''true'',''false'']}}}');
INSERT INTO report_type_table (report_type_id, report_type, report_type_name, report_title, report_print_position, report_data_filed, report_style_filed) VALUES (23, '023', 'IscatterGram', '气泡散点图', '/images/IscatterGram.png', '{''data'':{ ''structtypes'':''normal'',''filed'':{ ''x'' : ''x轴'' , ''y'' : ''y轴''  , ''value'' : ''值'' ,''name'' : ''名字'' , ''type'' : ''分类轴''},''istype'':''false'', ''hint'':''''},''style'':{''ClickEventType'': {''style'':{''type'':''select'',''title'':[''点击事件类型'',''请选择'']},''value'':[''无'',''外部链接'']}}}', '{''style'' :{''titletext'':{''style'':{''type'':''text'',''title'':[''主标题文本'',''请输入标题文本'']},''value'':[]} ,''titlelink'':{''style'':{''type'':''text'',''title'':[''主标题文本超链接'',''请以传输协议开头(http:// https://)'']} , ''value'':[]}, ''titilefontcolor'':{''style'':{''type'':''color'',''title'':[''标题字体颜色'',''请选择'']} , ''value'':[''#808080'']}, ''titlex'':{''style'':{''type'':''select'',''title'':[''标题所在x轴对齐方式'',''请选择'']} , ''value'':[''left'',''center'',''right'']}, ''titlefontstyle'':{''style'':{''type'':''select'',''title'':[''标题字体风格'',''请选择'']} , ''value'':[''normal'',''italic'',''oblique'']}, ''titlefontsize'':{''style'':{''type'':''text'',''title'':[''标题文字大小'',''请输入数值'']} , ''value'':[]}, ''titletop'':{''style'':{''type'':''select'',''title'':[''标题离上侧距离'',''请选择'']} , ''value'':[''top'', ''middle'', ''bottom'']}, ''titlesubtext'':{''style'':{''type'':''text'',''title'':[''副标题文本'',''请输入'']} , ''value'':[]}, ''backgroundcolor'':{''style'':{''type'':''color'',''title'':[''背景色'',''请选择'']} , ''value'':[''#FFFFFF'']}, ''x'':{''style'':{''type'':''select'',''title'':[''说明所在x轴位置'',''请选择'']} , ''value'':[''left'',''center'',''right'']}, ''y'':{''style'':{''type'':''select'',''title'':[''说明所在y轴位置'',''请选择'']} , ''value'':[''top'',''bottom'']}, ''legendshow'':{''style'':{''type'':''select'',''title'':[''是否显示说明'',''请选择'']} , ''value'':[''true'',''false'']}, ''fontcolor'':{''style'':{''type'':''color'',''title'':[''图表字体颜色'',''请选择'']} , ''value'':[''#808080'']}, ''fontstyle'':{''style'':{''type'':''select'',''title'':[''图表字体风格'',''请选择'']} , ''value'':[''normal'',''italic'',''oblique'']}, ''fontsize'':{''style'':{''type'':''text'',''title'':[''图表字体大小'',''请输入数值'']} , ''value'':[]}, ''fontweight'':{''style'':{''type'':''select'',''title'':[''图表字体粗细'',''请选择'']} , ''value'':[''normal'',''bold'',''bolder'',''lighter'']} }}  ');
INSERT INTO report_type_table (report_type_id, report_type, report_type_name, report_title, report_print_position, report_data_filed, report_style_filed) VALUES (21, '021', 'echartMiserables', '关系图', '/images/echartMiserables.png', '{''data'':{ ''structtypes'':''multiplevalued'',''filed'':{''source'' : ''起始'' , ''target'' : ''目标'' , ''value'' : ''值''}, ''istype'':''false'',''hint'':''''},''style'':{''ClickEventType'': {''style'':{''type'':''select'',''title'':[''点击事件类型'',''请选择'']},''value'':[''无'',''外部链接'']}}}', '{''style'' :{''titletext'':{''style'':{''type'':''text'',''title'':[''主标题文本'',''请输入标题文本'']},''value'':[]} ,''titlelink'':{''style'':{''type'':''text'',''title'':[''主标题文本超链接'',''请以传输协议开头(http:// https://)'']} , ''value'':[]}, ''titilefontcolor'':{''style'':{''type'':''color'',''title'':[''标题字体颜色'',''请选择'']} , ''value'':[''#808080'']}, ''titlex'':{''style'':{''type'':''select'',''title'':[''标题所在x轴对齐方式'',''请选择'']} , ''value'':[''left'',''center'',''right'']}, ''titlefontstyle'':{''style'':{''type'':''select'',''title'':[''标题字体风格'',''请选择'']} , ''value'':[''normal'',''italic'',''oblique'']}, ''titlefontsize'':{''style'':{''type'':''text'',''title'':[''标题文字大小'',''请输入数值'']} , ''value'':[]}, ''titletop'':{''style'':{''type'':''select'',''title'':[''标题离上侧距离'',''请选择'']} , ''value'':[''top'', ''middle'', ''bottom'']}, ''titlesubtext'':{''style'':{''type'':''text'',''title'':[''副标题文本'',''请输入'']} , ''value'':[]}, ''backgroundcolor'':{''style'':{''type'':''color'',''title'':[''背景色'',''请选择'']} , ''value'':[''#FFFFFF'']}, ''x'':{''style'':{''type'':''select'',''title'':[''说明所在x轴位置'',''请选择'']} , ''value'':[''left'',''center'',''right'']}, ''y'':{''style'':{''type'':''select'',''title'':[''说明所在y轴位置'',''请选择'']} , ''value'':[''top'',''bottom'']}, ''legendshow'':{''style'':{''type'':''select'',''title'':[''是否显示说明'',''请选择'']} , ''value'':[''true'',''false'']}, ''fontcolor'':{''style'':{''type'':''color'',''title'':[''图表字体颜色'',''请选择'']} , ''value'':[''#808080'']}, ''fontstyle'':{''style'':{''type'':''select'',''title'':[''图表字体风格'',''请选择'']} , ''value'':[''normal'',''italic'',''oblique'']}, ''fontsize'':{''style'':{''type'':''text'',''title'':[''图表字体大小'',''请输入数值'']} , ''value'':[]}, ''fontweight'':{''style'':{''type'':''select'',''title'':[''图表字体粗细'',''请选择'']} , ''value'':[''normal'',''bold'',''bolder'',''lighter'']} }}  ');
INSERT INTO report_type_table (report_type_id, report_type, report_type_name, report_title, report_print_position, report_data_filed, report_style_filed) VALUES (2, '002', 'link', '关系图1', '/images/link.png', '{''data'':{''structtypes'':''normal'',''filed'':{''source'' : ''起始'' , ''target'' : ''目标'',''type'':''关系''},''link'':{''监听'':''licensing'',''平等'':''suit'',''被解决'':''resolved''},''istype'':''true'',''hint'':''''},''style'':{''licensing'':{''style'':{''type'':''text'',''title'':[''监听'',''请输入对应此关系的数据'']},''value'':['''']},''suit'':{''style'':{''type'':''text'',''title'':[''平等'',''请输入对应此关系的数据'']},''value'':['''']},''resolved'':{''style'':{''type'':''text'',''title'':[''被解决'',''请输入对应此关系的数据'']},''value'':['''']}}}', '{''style'' : {''expendcolor'': {''style'':{''type'':''color'',''title'':[''节点颜色'',''请输入节点颜色'']},''value'':[''#4682B4'']},''flinecolor'':{''style'':{''type'':''color'',''title'':[''线颜色'',''请输入线颜色'']},''value'':[''#CCCCCC'']},''redius'':{''style'':{''type'':''text'',''title'':[''节点半径'',''请输入值'']},''value'':[]},''flinewidth'':{''style'':{''type'':''text'',''title'':[''线宽度'',''请输入值'']},''value'':[]} } }');
INSERT INTO report_type_table (report_type_id, report_type, report_type_name, report_title, report_print_position, report_data_filed, report_style_filed) VALUES (24, '024', 'IbarChart', '正负条形图', '/images/IbarChart.png', '[]', '');
INSERT INTO report_type_table (report_type_id, report_type, report_type_name, report_title, report_print_position, report_data_filed, report_style_filed) VALUES (25, '025', 'Iboxplot', '箱线图', '/images/Iboxplot.png', '[]', '');
INSERT INTO report_type_table (report_type_id, report_type, report_type_name, report_title, report_print_position, report_data_filed, report_style_filed) VALUES (26, '026', 'Iline', '折线图', '/images/Iline.png', '[]', '');
INSERT INTO report_type_table (report_type_id, report_type, report_type_name, report_title, report_print_position, report_data_filed, report_style_filed) VALUES (1, '001', 'flare', '折叠树图', '/images/flare.png', '{''data'':{''structtypes'':''multiplevalued'',''filed'':{''name'' : ''名字'' , ''childname'' : ''子名字'' , ''size'' : ''大小'' },''istype'':''false'',''hint'':''''},''style'':{}}', '{''style'' : {''expendcolor'': {''style'':{''type'':''color'',''title'':[''展开节点颜色'',''请输入节点颜色'']},''value'':[''#4682B4'']},''flinecolor'':{''style'':{''type'':''color'',''title'':[''线颜色'',''请输入线颜色'']},''value'':[''#CCCCCC'']},''collapsecolor'':{''style'':{''type'':''color'',''title'':[''折叠节点颜色'',''请输折叠节点颜色'']},''value'':[''#B0C4DE'']},''redius'':{''style'':{''type'':''text'',''title'':[''节点半径'',''请输入值'']},''value'':[]},''flinewidth'':{''style'':{''type'':''text'',''title'':[''线宽度'',''请输入值'']},''value'':[]},''myshape'':{''style'':{''type'':''select'',''title'':[''节点形状'',''选择'']},''value'':[''圆形'',''五角星'']}} }');
INSERT INTO report_type_table (report_type_id, report_type, report_type_name, report_title, report_print_position, report_data_filed, report_style_filed) VALUES (3, '003', 'sequences', '序列圆图', '/images/sequences.png', '[]', '');
INSERT INTO report_type_table (report_type_id, report_type, report_type_name, report_title, report_print_position, report_data_filed, report_style_filed) VALUES (4, '004', 'sankey', '桑基图', '/images/fourth.png', '{''data'':{''structtypes'':''normal'',''filed'':{''source'' : ''起始'' , ''target'' : ''目标'' , ''value'' : ''值''},''istype'':''false'',''hint'':''''},''style'':{}}', '{''style'' : {''nodewidth'': {''style'':{''type'':''text'',''title'':[''节点宽度'',''请输入值'']},''value'':[]},''nodepadding'':{''style'':{''type'':''text'',''title'':[''节点间距'',''请输入值'']},''value'':[]},''graphwidth'':{''style'':{''type'':''text'',''title'':[''图宽'',''请输入值'']},''value'':[]},''graphheight'':{''style'':{''type'':''text'',''title'':[''图高'',''请输入值'']},''value'':[]}} }');
INSERT INTO report_type_table (report_type_id, report_type, report_type_name, report_title, report_print_position, report_data_filed, report_style_filed) VALUES (5, '005', 'packages', 'Hierarchical', '/images/fifth.png', '[]', '');
INSERT INTO report_type_table (report_type_id, report_type, report_type_name, report_title, report_print_position, report_data_filed, report_style_filed) VALUES (6, '006', 'liquidFillGauge', '气泡图', '/images/liquidFillGauge.png', '{''data'':{''structtypes'':''normal'',''filed'':{''name'' : ''名字'' , ''value'' : ''值''},''istype'':''false'',''hint'':''''},''style'':{}}', '{''style'' : {''minvalue'': {''style'':{''type'':''text'',''title'':[''最小值'',''请输入最小值'']},''value'':[]},''maxvalue'':{''style'':{''type'':''text'',''title'':[''最大值'',''请输入最大值'']},''value'':[]},''circlethickness'':{''style'':{''type'':''text'',''title'':[''圆厚度'',''请输入圆厚度'']},''value'':[]},''circlefillgap'':{''style'':{''type'':''text'',''title'':[''圆填补缺口'',''请输入值'']},''value'':[]},''circlecolor'':{''style'':{''type'':''color'',''title'':[''圆的颜色'',''请输入圆颜色'']},''value'':[''#80ff00'']},''waveheight'':{''style'':{''type'':''text'',''title'':[''波浪高度'',''请输入波浪高度'']},value:[]},''wavecount'':{''style'':{''type'':''text'',''title'':[''波浪数'',''请输入波浪数'']},''value'':[]},''wavecolor'':{''style'':{''type'':''color'',''title'':[''波浪颜色'',''请选择波浪颜色'']},''value'':[''#00ffff'']},''textvertposition'':{''style'':{''type'':''select'',''title'':[''文本垂直位置'',''请选择'']},''value'':[''bottom'',''top'']},''textsize'':{''style'':{''type'':''text'',''title'':[''文本大小'',''请输入文本大小'']},''value'':[]},''displaypercent'':{''style'':{''type'':''select'',''title'':[''是否显示百分比'','' '']},''value'':[true,false]},''textcolor'':{''style'':{''type'':''color'',''title'':[''文本颜色'',''请选择文本颜色'']}, ''value'':[''#000000'']},''wavetextcolor'':{''style'':{''type'':''color'',''title'':[''圆文本颜色'',''请选择圆文本颜色'']},''value'':[''#000000'']}} } ');
INSERT INTO report_type_table (report_type_id, report_type, report_type_name, report_title, report_print_position, report_data_filed, report_style_filed) VALUES (7, '007', 'bubbleMenu', '气泡菜单图', '/images/bubbleMenu.png', '[]', '');
INSERT INTO report_type_table (report_type_id, report_type, report_type_name, report_title, report_print_position, report_data_filed, report_style_filed) VALUES (8, '008', 'trendChart', '趋势图', '/images/trendChart.png', '[]', '');
INSERT INTO report_type_table (report_type_id, report_type, report_type_name, report_title, report_print_position, report_data_filed, report_style_filed) VALUES (9, '009', 'barChart', '柱形图', '/images/barChart.png', '{''data'':{''structtypes'':''multiplevalued'',''filed'':{''labels'' : ''名字'' , ''label'' : ''标签'' ,''value'' : ''值''},''istype'':''false'', ''hint'':''该报表值需十项数据''},''style'':{}}', '{''style'' : { ''graphwidth'':{''style'':{''type'':''text'',''title'':[''图宽'',''请输入数值'']},''value'':[]}, ''barheight'':{''style'':{''type'':''text'',''title'':[''柱高'',''请输入数值'']},''value'':[]}, ''gapbetweengroups'':{''style'':{''type'':''text'',''title'':[''每组柱形的间距'',''请输入数值'']},''value'':[]}, ''spaceforlabels'':{''style'':{''type'':''text'',''title'':[''标签空间大小'',''请输入数值'']},''value'':[]}, ''spaceforlegend'':{''style'':{''type'':''text'',''title'':[''图例空间大小'',''请输入数值'']},''value'':[]}, ''legendrectsize'':{''style'':{''type'':''text'',''title'':[''图例大小'',''请输入数值'']},''value'':[]},''legendspacing'':{''style'':{''type'':''text'',''title'':[''图例间距'',''请输入数值'']},''value'':[]}}}');
INSERT INTO report_type_table (report_type_id, report_type, report_type_name, report_title, report_print_position, report_data_filed, report_style_filed) VALUES (10, '010', 'barChartValue', '柱形价值图', '/images/barChartValue.png', '{''data'':{''structtypes'':''normal'',''filed'':{''name'' : ''名字'' , ''value'' : ''值''},''istype'':''false'',''hint'':''''},''style'':{}}', '{''style'' : { ''xaxismininterval'':{''style'':{''type'':''text'',''title'':[''x轴刻度最小值'',''请输入数值'']},''value'':[]}, ''xaxismaxinterval'':{''style'':{''type'':''text'',''title'':[''x轴刻度最大值'',''请输入数值'']},''value'':[]}, ''span'':{''style'':{''type'':''text'',''title'':[''柱条间距'',''请输入数值（0至1）'']},''value'':[]}, ''yaxismininterval'':{''style'':{''type'':''text'',''title'':[''y轴刻度最小值'',''请输入数值'']},''value'':[]}, ''yaxismaxinterval'':{''style'':{''type'':''text'',''title'':[''y轴刻度最大值'',''请输入数值'']},''value'':[]}, ''xaxisposition'':{''style'':{''type'':''select'',''title'':[''x轴位置'',''请选择'']},''value'':[''top'',''bottom'']}, ''yaxisposition'':{''style'':{''type'':''select'',''title'':[''y轴位置'',''请选择'']},''value'':[''left'',''right'']}, ''ticksize'':{''style'':{''type'':''text'',''title'':[''标记大小'',''请输入数值'']},''value'':[]}, ''tickpadding'':{''style'':{''type'':''text'',''title'':[''标记内距'',''请输入数值'']},''value'':[]}, ''graphwidth'':{''style'':{''type'':''text'',''title'':[''图宽'',''请输入数值'']},''value'':[]}, ''graphheight'':{''style'':{''type'':''text'',''title'':[''图高'',''请输入数值'']},''value'':[]}, ''positivecolor'':{''style'':{''type'':''color'',''title'':[''正数颜色'',''请选择'']},''value'':[''#6699FF'']}, ''negativecolor'':{''style'':{''type'':''color'',''title'':[''负数颜色'',''请选择'']},''value'':[''#FF9900'']} }}');
INSERT INTO report_type_table (report_type_id, report_type, report_type_name, report_title, report_print_position, report_data_filed, report_style_filed) VALUES (11, '011', 'barChartTime', '柱形频次图', '/images/barChartTime.png', '[]', '');
INSERT INTO report_type_table (report_type_id, report_type, report_type_name, report_title, report_print_position, report_data_filed, report_style_filed) VALUES (12, '012', 'ball', '动态散点图', '/images/ball.png', '{''data'':{''structtypes'':''normal'',''filed'':{''name'' : ''名字'' , ''year'' : ''年份'' , ''income'' : ''人均收入'' , ''population'' : ''总人口'' , ''lifeExpectancy'' : ''人均寿命'' , ''region'' : ''地区''},''istype'':''false'', ''hint'':''该报表数据要求高''},''style'':{}}', '{''style'' : {''graphwidth'':{''style'':{''type'':''text'',''title'':[''图宽'',''请输入数值'']},''value'':[]}, ''graphheight'':{''style'':{''type'':''text'',''title'':[''图高'',''请输入数值'']},''value'':[]}, ''xaxisposition'':{''style'':{''type'':''select'',''title'':[''x轴位置'',''请选择'']},''value'':[''top'',''bottom'']}, ''yaxisposition'':{''style'':{''type'':''select'',''title'':[''y轴位置'',''请选择'']},''value'':[''left'',''right'']}, ''xaxisname'':{''style'':{''type'':''text'',''title'':[''x轴名称'',''请输入文本'']},''value'':[]}, ''yaxisname'':{''style'':{''type'':''text'',''title'':[''y轴名称'',''请输入文本'']},''value'':[]}  }} ');

delete from ml_function_map;
INSERT INTO ml_function_map (funmap_id, specific_fun, transfer_method, tranfunt_num) VALUES (7, 'string', '022', 2);
INSERT INTO ml_function_map (funmap_id, specific_fun, transfer_method, tranfunt_num) VALUES (8, 'datediff', '031', 3);
INSERT INTO ml_function_map (funmap_id, specific_fun, transfer_method, tranfunt_num) VALUES (9, 'year', '041', 4);
INSERT INTO ml_function_map (funmap_id, specific_fun, transfer_method, tranfunt_num) VALUES (10, 'month', '042', 4);
INSERT INTO ml_function_map (funmap_id, specific_fun, transfer_method, tranfunt_num) VALUES (11, 'weekofyear', '043', 4);
INSERT INTO ml_function_map (funmap_id, specific_fun, transfer_method, tranfunt_num) VALUES (12, 'ltrim', '051', 5);
INSERT INTO ml_function_map (funmap_id, specific_fun, transfer_method, tranfunt_num) VALUES (13, 'rtrim', '052', 5);
INSERT INTO ml_function_map (funmap_id, specific_fun, transfer_method, tranfunt_num) VALUES (14, 'length', '053', 5);
INSERT INTO ml_function_map (funmap_id, specific_fun, transfer_method, tranfunt_num) VALUES (15, 'lower', '054', 5);
INSERT INTO ml_function_map (funmap_id, specific_fun, transfer_method, tranfunt_num) VALUES (16, 'upper', '055', 5);
INSERT INTO ml_function_map (funmap_id, specific_fun, transfer_method, tranfunt_num) VALUES (1, 'log', '011', 1);
INSERT INTO ml_function_map (funmap_id, specific_fun, transfer_method, tranfunt_num) VALUES (2, 'exp', '012', 1);
INSERT INTO ml_function_map (funmap_id, specific_fun, transfer_method, tranfunt_num) VALUES (3, 'ln', '013', 1);
INSERT INTO ml_function_map (funmap_id, specific_fun, transfer_method, tranfunt_num) VALUES (4, 'power', '014', 1);
INSERT INTO ml_function_map (funmap_id, specific_fun, transfer_method, tranfunt_num) VALUES (5, 'sqrt', '015', 1);
INSERT INTO ml_function_map (funmap_id, specific_fun, transfer_method, tranfunt_num) VALUES (6, 'decimal', '021', 2);

delete from ml_datatransfer_fun;
INSERT INTO ml_datatransfer_fun (tranfunt_num, funtype_name) VALUES (1, '算术');
INSERT INTO ml_datatransfer_fun (tranfunt_num, funtype_name) VALUES (2, '类型转换');
INSERT INTO ml_datatransfer_fun (tranfunt_num, funtype_name) VALUES (3, '日期运算');
INSERT INTO ml_datatransfer_fun (tranfunt_num, funtype_name) VALUES (4, '日期创建');
INSERT INTO ml_datatransfer_fun (tranfunt_num, funtype_name) VALUES (5, '字符串');

-- 数据质量
delete from sys_help_infm;
INSERT INTO sys_help_infm (help_infm_id, help_infm_desc, help_infm_dtl) VALUES ('b1', '业务指标代码', '新增业务指标时，用户可自定义，如acc_nav。新增完成后不可修改。');
INSERT INTO sys_help_infm (help_infm_id, help_infm_desc, help_infm_dtl) VALUES ('b10', '业务口径描述', '从业务层面来描述该业务指标');
INSERT INTO sys_help_infm (help_infm_id, help_infm_desc, help_infm_dtl) VALUES ('b11', '技术口径描述', '从技术层面来描述该业务指标');
INSERT INTO sys_help_infm (help_infm_id, help_infm_desc, help_infm_dtl) VALUES ('b12', '指标单位代码', '此为回显状态');
INSERT INTO sys_help_infm (help_infm_id, help_infm_desc, help_infm_dtl) VALUES ('b13', '指标单位名', '用户可自定义指标所用单位');
INSERT INTO sys_help_infm (help_infm_id, help_infm_desc, help_infm_dtl) VALUES ('b14', '参数代码', '用户可从下拉框中选择对应的参数代码');
INSERT INTO sys_help_infm (help_infm_id, help_infm_desc, help_infm_dtl) VALUES ('b15', '参数名', '再选择参数代码后，会默认得到一个参数名。用户也可自定义');
INSERT INTO sys_help_infm (help_infm_id, help_infm_desc, help_infm_dtl) VALUES ('b16', '参数描述', '用户可自定义');
INSERT INTO sys_help_infm (help_infm_id, help_infm_desc, help_infm_dtl) VALUES ('b17', '顺序号', '用户可自定义');
INSERT INTO sys_help_infm (help_infm_id, help_infm_desc, help_infm_dtl) VALUES ('b18', '区分技术指标', '当指标参数下所有参数都为否，则业务指标和技术指标的关联类型为一对一关系。当指标参数下有一个参数为是（最多一个参数为是），则业务指标和技术指标的关联类型为一对多关系。');
INSERT INTO sys_help_infm (help_infm_id, help_infm_desc, help_infm_dtl) VALUES ('b19', '输入类型', '用户可从下拉框中选择对应的输入类型');
INSERT INTO sys_help_infm (help_infm_id, help_infm_desc, help_infm_dtl) VALUES ('b2', '指标名称', '用户可自定义，如累计单位净值');
INSERT INTO sys_help_infm (help_infm_id, help_infm_desc, help_infm_dtl) VALUES ('b20', '输入检验正则式', '用户可自定义正则表达式，右侧的按钮可以检查输入值是否符合正则表达式。');
INSERT INTO sys_help_infm (help_infm_id, help_infm_desc, help_infm_dtl) VALUES ('b21', '可选项提供方式', '用户可从下拉框中选择对应的可选项提供方式');
INSERT INTO sys_help_infm (help_infm_id, help_infm_desc, help_infm_dtl) VALUES ('b22', '对应维度类型代码', '用户可从下拉框中选择对应维度类型代码');
INSERT INTO sys_help_infm (help_infm_id, help_infm_desc, help_infm_dtl) VALUES ('b23', '维度可选层级', '用户可自定义');
INSERT INTO sys_help_infm (help_infm_id, help_infm_desc, help_infm_dtl) VALUES ('b24', '技术指标代码', '用户可选择对应的技术指标来关联');
INSERT INTO sys_help_infm (help_infm_id, help_infm_desc, help_infm_dtl) VALUES ('b25', '关联类型', '该输入框为回显状态，回显的值根据指标参数列表中是否区分技术指标来决定如果区分技术指标都为否，则该输入框回显一对一如果区分技术指标有一个值为是，则该输入框回显参数');
INSERT INTO sys_help_infm (help_infm_id, help_infm_desc, help_infm_dtl) VALUES ('b26', '关联参数代码', '该输入框为回显状态，回显的值根据是否指标参数列表中是否区分技术指标来决定如果区分技术指标都为否，则该输入框的回显值为空如果区分技术指标有一个值为是，则该输入框调用该行的参数代码');
INSERT INTO sys_help_infm (help_infm_id, help_infm_desc, help_infm_dtl) VALUES ('b27', '关联参数值', '根据关联类型的值而改变,如果关联类型为参数时，则该输入框可自定义,如果关联类型为一对一时，则该输入框为回显状态，且回显值为空');
INSERT INTO sys_help_infm (help_infm_id, help_infm_desc, help_infm_dtl) VALUES ('b28', '上级指标代码', '该指标代码所对应上级指标代码');
INSERT INTO sys_help_infm (help_infm_id, help_infm_desc, help_infm_dtl) VALUES ('b29', '指标级别', '该指标代码所对应指标级别');
INSERT INTO sys_help_infm (help_infm_id, help_infm_desc, help_infm_dtl) VALUES ('b3', '英文全称', '用户可自定义，该指标代码的英文全称');
INSERT INTO sys_help_infm (help_infm_id, help_infm_desc, help_infm_dtl) VALUES ('b4', '英文简称', '用户可自定义，该指标代码的英文简称');
INSERT INTO sys_help_infm (help_infm_id, help_infm_desc, help_infm_dtl) VALUES ('b5', '中文拼音首字母', '用户可自定义，该指标名称的中文拼音首字母');
INSERT INTO sys_help_infm (help_infm_id, help_infm_desc, help_infm_dtl) VALUES ('b6', '函数格式', '用户可以按格式fgf_XXX来自定义,如fgf_acc_nav');
INSERT INTO sys_help_infm (help_infm_id, help_infm_desc, help_infm_dtl) VALUES ('b7', '保存精度', '原来记录小数位后位数');
INSERT INTO sys_help_infm (help_infm_id, help_infm_desc, help_infm_dtl) VALUES ('b8', '业务指标的指标主体', '此为回显状态，根据其关联的技术指标的指标主体来回显，可以有多个指标主体');
INSERT INTO sys_help_infm (help_infm_id, help_infm_desc, help_infm_dtl) VALUES ('b9', '指标单位', '用来记录指标所用单位');
INSERT INTO sys_help_infm (help_infm_id, help_infm_desc, help_infm_dtl) VALUES ('Catalg', 'DQC服务器上作业程序目录', '请填写DQC服务器上作业程序所在的路径。格式如/etl/DQC/BIN。');
INSERT INTO sys_help_infm (help_infm_id, help_infm_desc, help_infm_dtl) VALUES ('cfgInfo', '系统配置的相关信息', '用户可自定义，填写该系统配置的相关信息。');
INSERT INTO sys_help_infm (help_infm_id, help_infm_desc, help_infm_dtl) VALUES ('crrsDmns', '对应维度类型代码', null);
INSERT INTO sys_help_infm (help_infm_id, help_infm_desc, help_infm_dtl) VALUES ('d1', '维度类型代码', '新增维度时，用户可自定义，如d_assc_prmt。新增完成后不可修改。');
INSERT INTO sys_help_infm (help_infm_id, help_infm_desc, help_infm_dtl) VALUES ('d10', '检验正则式', '检验正则式');
INSERT INTO sys_help_infm (help_infm_id, help_infm_desc, help_infm_dtl) VALUES ('d11', '排序字段', '用户可输入字段名，会按照该字段名排序');
INSERT INTO sys_help_infm (help_infm_id, help_infm_desc, help_infm_dtl) VALUES ('d12', '维度备注', '用户可自定义，对维度添加一些备注信息');
INSERT INTO sys_help_infm (help_infm_id, help_infm_desc, help_infm_dtl) VALUES ('d13', '存储schema', '此处为回显状态');
INSERT INTO sys_help_infm (help_infm_id, help_infm_desc, help_infm_dtl) VALUES ('d14', '存储表', '用户可自定义。建议填写数据库中存储schema下的表名，否则校验会失败');
INSERT INTO sys_help_infm (help_infm_id, help_infm_desc, help_infm_dtl) VALUES ('d2', '维度类型描述', '用户可自定义，如关联参数');
INSERT INTO sys_help_infm (help_infm_id, help_infm_desc, help_infm_dtl) VALUES ('d3', '数据格式', '可选择日期、数字、整数、文本');
INSERT INTO sys_help_infm (help_infm_id, help_infm_desc, help_infm_dtl) VALUES ('d4', '历史记录方法', '可选择无历史、时间戳、拉链。无历史：代表无历史记录方法时间戳：代表历史中某一个时间点,拉链：代表历史中某一段时间，即有开始时间和结束时间。此选项会影响存储表信息校验的字段');
INSERT INTO sys_help_infm (help_infm_id, help_infm_desc, help_infm_dtl) VALUES ('d5', '是否为技术维度', '选择该维度是否为技术维度');
INSERT INTO sys_help_infm (help_infm_id, help_infm_desc, help_infm_dtl) VALUES ('d6', '输入类型', '可选择日期、数字、下拉、文本');
INSERT INTO sys_help_infm (help_infm_id, help_infm_desc, help_infm_dtl) VALUES ('d7', '可选项提供方式', '只有当输入类型选择下拉时，才可选择。可选择枚举、服务。枚举：代表一次性给予相关数据。服务：代表多次给予相关数据。');
INSERT INTO sys_help_infm (help_infm_id, help_infm_desc, help_infm_dtl) VALUES ('d8', '是否缓存', '只有当输入类型选择下拉时，才可选择。');
INSERT INTO sys_help_infm (help_infm_id, help_infm_desc, help_infm_dtl) VALUES ('d9', '默认值', '该下拉框中的值取自于页面最下面列表中的维度值详细，如果列表中没有维度值，则下拉框显示未找到结果');
INSERT INTO sys_help_infm (help_infm_id, help_infm_desc, help_infm_dtl) VALUES ('dAls', '维度别名', null);
INSERT INTO sys_help_infm (help_infm_id, help_infm_desc, help_infm_dtl) VALUES ('dbNm', '数据库名称', '请填写数据库中对应的名称');
INSERT INTO sys_help_infm (help_infm_id, help_infm_desc, help_infm_dtl) VALUES ('dbPort', '数据库的端口号', '请填写数据库的端口号，如3306');
INSERT INTO sys_help_infm (help_infm_id, help_infm_desc, help_infm_dtl) VALUES ('dbType', '数据库类型', '支持MYSQL,ORACLE,VER');
INSERT INTO sys_help_infm (help_infm_id, help_infm_desc, help_infm_dtl) VALUES ('dDf', '默认值', '内容3');
INSERT INTO sys_help_infm (help_infm_id, help_infm_desc, help_infm_dtl) VALUES ('dDsc', '维度类型描述', '内容2');
INSERT INTO sys_help_infm (help_infm_id, help_infm_desc, help_infm_dtl) VALUES ('dispTime', '设定调度触发时间', '当调度触发方式为定时触发时，可用。 格式为HH:MM:SS，例如19:20:30');
INSERT INTO sys_help_infm (help_infm_id, help_infm_desc, help_infm_dtl) VALUES ('dispType', '选择调度触发方式', '目前支持2种调度触发方式：依赖触发，定时触发,依赖触发：在上游作业完成之后立刻触发.定时触发：在上游作业完成之后，等到了“调度触发时间”所设定的时间时，触发');
INSERT INTO sys_help_infm (help_infm_id, help_infm_desc, help_infm_dtl) VALUES ('dmnsRmrk', '维度备注', null);
INSERT INTO sys_help_infm (help_infm_id, help_infm_desc, help_infm_dtl) VALUES ('dReg', '输入检验正则式', '内容4');
INSERT INTO sys_help_infm (help_infm_id, help_infm_desc, help_infm_dtl) VALUES ('dSca', '存储schema', '内容5');
INSERT INTO sys_help_infm (help_infm_id, help_infm_desc, help_infm_dtl) VALUES ('dTab', '存储表', 'dfgdfgdfgdfgdfhdh');
INSERT INTO sys_help_infm (help_infm_id, help_infm_desc, help_infm_dtl) VALUES ('dTyp', '维度类型代码', '内容1');
INSERT INTO sys_help_infm (help_infm_id, help_infm_desc, help_infm_dtl) VALUES ('errSql', '查询问题明细的sql语句', '检测sql不通过时最关心的数据明细，如:SELECT  DISTINCT WIND_CODE,INDICATOR_NAMEFROM  SFULL.S34_FUND_MOMENT_INDICATOR');
INSERT INTO sys_help_infm (help_infm_id, help_infm_desc, help_infm_dtl) VALUES ('etlCd', '调度系统', '请填写相应的调度系统，如EDW');
INSERT INTO sys_help_infm (help_infm_id, help_infm_desc, help_infm_dtl) VALUES ('etlIp', 'DQC服务器数据库的IP地址', '请填写DQC服务器数据库的IP地址。格式如192.168.30.9');
INSERT INTO sys_help_infm (help_infm_id, help_infm_desc, help_infm_dtl) VALUES ('etlJob', '调度作业名', '用户可自定义，如EDW_BKUP_SCEMA_APDSP');
INSERT INTO sys_help_infm (help_infm_id, help_infm_desc, help_infm_dtl) VALUES ('etlpass', 'DQC服务器数据库的用户名和密码', '请填写DQC服务器数据库的用户名和密码');
INSERT INTO sys_help_infm (help_infm_id, help_infm_desc, help_infm_dtl) VALUES ('etlPort', 'DQC服务器数据库的端口号', '请填写DQC服务器数据库的端口号，如22');
INSERT INTO sys_help_infm (help_infm_id, help_infm_desc, help_infm_dtl) VALUES ('etlUser', 'DQC服务器数据库的用户名和密码', '请填写DQC服务器数据库的用户名和密码');
INSERT INTO sys_help_infm (help_infm_id, help_infm_desc, help_infm_dtl) VALUES ('fields', '需要检测的关键字段', '用户可以填写一个或者多个关键字段，多个关键字段请用，隔开。格式如Pty_Id,Pty_Typ_Cd,ETL_Src_Tab');
INSERT INTO sys_help_infm (help_infm_id, help_infm_desc, help_infm_dtl) VALUES ('firstCN', '中文拼音首字母', null);
INSERT INTO sys_help_infm (help_infm_id, help_infm_desc, help_infm_dtl) VALUES ('flag', '定义规则级别', '分为警告和严重级别。如果规则为警告级别，处理当前作业时，只会返回脚本运行结果，如果运行结果是成功，则继续执行后续依赖作业。如果规则为严重级别，处理当前作业时，检查结果有异常，无论运行结果是成功还是失败，都会停止后续依赖作业。');
INSERT INTO sys_help_infm (help_infm_id, help_infm_desc, help_infm_dtl) VALUES ('index1', '描述检测指标1的含义', '只有当规则类型选择指定sql/指定sql文件/字段正则表达式时可用，用户可以填写相关内容来描述sql语句中第二个返回值的含义');
INSERT INTO sys_help_infm (help_infm_id, help_infm_desc, help_infm_dtl) VALUES ('index2', '描述检测指标2的含义', '只有当规则类型选择指定sql/指定sql文件/字段正则表达式时可用，用户可以填写相关内容来描述sql语句中第三个返回值的含义');
INSERT INTO sys_help_infm (help_infm_id, help_infm_desc, help_infm_dtl) VALUES ('index3', '描述检测指标3的含义', '只有当规则类型选择指定sql/指定sql文件/字段正则表达式时可用，用户可以填写相关内容来描述sql语句中第四个返回值的含义');
INSERT INTO sys_help_infm (help_infm_id, help_infm_desc, help_infm_dtl) VALUES ('ip', '数据库的IP地址', '请填写数据库的IP地址，格式如192.168.40.114');
INSERT INTO sys_help_infm (help_infm_id, help_infm_desc, help_infm_dtl) VALUES ('jobType', '作业程序类型', '支持2种作业程序类型。PERL：常见的PERL类型WF： WF作业类型，判断文件是否存在');
INSERT INTO sys_help_infm (help_infm_id, help_infm_desc, help_infm_dtl) VALUES ('limit', '检查表名时限定条件', '检查表名时，用户可以填写一些限定条件。格式如ETL_Upd_Date=''#{TX_DATE}''');
INSERT INTO sys_help_infm (help_infm_id, help_infm_desc, help_infm_dtl) VALUES ('listVals', '设定一个清单作为值域范围', '必填项。当规则类型选择字段枚举检测或字段正则表达式时可用。用户可以填写文本，日期或者数字作为值域范围；文本需要加单引号，如''A08'',''A02'',''A11'',''A10''日期也需要加单引号，如''2017-07-28'',''2017-07-08''数字不需要加单引号，如1,23,567');
INSERT INTO sys_help_infm (help_infm_id, help_infm_desc, help_infm_dtl) VALUES ('log', 'DQC服务器上作业日志目录', '请填写DQC服务器上作业日志所在的路径。格式如/etl/DQC/ERR_DATA');
INSERT INTO sys_help_infm (help_infm_id, help_infm_desc, help_infm_dtl) VALUES ('logDic', '作业日志目录', '请填写对应作业日志所在的路径，并且其子文件夹按日期排序，日期必须使用变量名，其余可使用变量名也可使用具体数值。格式如!{ETLLOG}@#{txdate}@!{XX}或者/etl/ETL/LOG/@#{txdate}@/');
INSERT INTO sys_help_infm (help_infm_id, help_infm_desc, help_infm_dtl) VALUES ('max', '设定范围区间的最大值', '只有当规则类型选择字段范围检测/表数据量增量时可用，用户可以填写数值来设定范围区间最大值，如30001231');
INSERT INTO sys_help_infm (help_infm_id, help_infm_desc, help_infm_dtl) VALUES ('min', '设定范围区间的最小值', '只有当规则类型选择字段范围检测/表数据量增量时可用，用户可以填写数值来设定范围区间最小值，如20100101');
INSERT INTO sys_help_infm (help_infm_id, help_infm_desc, help_infm_dtl) VALUES ('mnBdyCd', '指标主体代码', null);
INSERT INTO sys_help_infm (help_infm_id, help_infm_desc, help_infm_dtl) VALUES ('mnBdyDsc', '指标主体名称', null);
INSERT INTO sys_help_infm (help_infm_id, help_infm_desc, help_infm_dtl) VALUES ('offset', '根据调度频率填写具体的时间', '必填项。此输入框与调度频率有关。填写规则如下：1）默认值0；2）天时，忽略此字段值；3）月时，0-表示月初，正N-表示本月第N天，负N-表示本月倒数第N天；4）周、年时与月相同；例如，调度频率选择月时，调度时间位移填写5，则表示每月第5天进行调度');
INSERT INTO sys_help_infm (help_infm_id, help_infm_desc, help_infm_dtl) VALUES ('opField', '和当前检测的关键字段做比对', '用户可以填写一个或者多个关键字段，多个关键字段请用，隔开。格式如Pty_Id,Pty_Typ_Cd,ETL_Src_Tab');
INSERT INTO sys_help_infm (help_infm_id, help_infm_desc, help_infm_dtl) VALUES ('opTab', '和当前检测的表做比对', '只有当规则类型选择字段外键检测时可用，用户可以变量名加表名的形式填写。格式如#{PDATA}.T02_PARTY');
INSERT INTO sys_help_infm (help_infm_id, help_infm_desc, help_infm_dtl) VALUES ('optnLvl', '维度可选层级', null);
INSERT INTO sys_help_infm (help_infm_id, help_infm_desc, help_infm_dtl) VALUES ('ordrClmn', '排序字段', '按SQL Order By 语法格式存放');
INSERT INTO sys_help_infm (help_infm_id, help_infm_desc, help_infm_dtl) VALUES ('password', '数据库的用户名和密码', '请填写数据库的用户名和密码');
INSERT INTO sys_help_infm (help_infm_id, help_infm_desc, help_infm_dtl) VALUES ('phyFld', '物理表字段名', null);
INSERT INTO sys_help_infm (help_infm_id, help_infm_desc, help_infm_dtl) VALUES ('prity', '作业的优先级设定', '数字越大，优先级越高。');
INSERT INTO sys_help_infm (help_infm_id, help_infm_desc, help_infm_dtl) VALUES ('prmtCd', '关联参数代码', null);
INSERT INTO sys_help_infm (help_infm_id, help_infm_desc, help_infm_dtl) VALUES ('prmtDsc', '参数描述', null);
INSERT INTO sys_help_infm (help_infm_id, help_infm_desc, help_infm_dtl) VALUES ('prmtNm', '参数名称', null);
INSERT INTO sys_help_infm (help_infm_id, help_infm_desc, help_infm_dtl) VALUES ('proDic', '作业程序目录', '请填写对应作业程序所在的路径，可以填写变量名，也可以使用具体路径。格式如!{ETLBIN}或者/etl/ETL/BIN/');
INSERT INTO sys_help_infm (help_infm_id, help_infm_desc, help_infm_dtl) VALUES ('proName', '作业程序名', '请填写对应作业程序名称。格式如delhisdata.pl');
INSERT INTO sys_help_infm (help_infm_id, help_infm_desc, help_infm_dtl) VALUES ('proPara', '作业程序参数', '请填写对应作业程序参数，参数之间用@符号分隔。例如：aaa@1@2');
INSERT INTO sys_help_infm (help_infm_id, help_infm_desc, help_infm_dtl) VALUES ('regName', '定义规则名称', '用户可自定义，例如RN_COL_FK_001的主键规则');
INSERT INTO sys_help_infm (help_infm_id, help_infm_desc, help_infm_dtl) VALUES ('ruleSrc', '规则来源', '用户自定义，填写内容为：哪个人或者哪个部门提出了这条规则');
INSERT INTO sys_help_infm (help_infm_id, help_infm_desc, help_infm_dtl) VALUES ('ruleTag', '将规则分类并定义相关的标签', '用户可自定义，例如主键规则');
INSERT INTO sys_help_infm (help_infm_id, help_infm_desc, help_infm_dtl) VALUES ('ruleType', '选择规则类型', '支持10种规则类型。1. COL ENUM：字段枚举检测      字段级-枚举值校验。字段值在枚举列表中返回0，否则返回非0。2. COL FK：字段外键检测      字段级-外键校验。字段外键关系全部成立，则返回0，否则返回非0。3. COL NAN：字段非空      字段级-非空字段校验。字段中没有空值，则返回0，否则返回非0。4. COL PK：字段主键检测      字段级-主键校验。字段不存在重复，则返回0，否则返回非0。5. COL RANG：字段范围检测     字段级-范围校验。字段在指定范围，返回0，否则返回非0。6. COL REGULAR：字段正则表达式      字段级-正则表达式校验。字段内容符合正则表达式返回0，否则返回非0。7. SQL：指定sql      使用指定SQL，即specify_sql字段。用于比较简单的规则。8. SQL FILE：指定sql文件      使用指定SQL，即specify_sql字段，比较复杂的sql，填写sql文件路径。9. TAB NAN：表非空      表级-非空表校验。表为非空，则返回0，空返回其他值 10. TAB SIZE：表数据量增量     表级-表数据量校验。数据环比增量比例在范围区间内，则返回0，否则返回非0。');
INSERT INTO sys_help_infm (help_infm_id, help_infm_desc, help_infm_dtl) VALUES ('s1', '数据集代码', '新增数据集时，用户可自定义，如fgf_hldn_pnsn_dtl。新增完成后不可修改。');
INSERT INTO sys_help_infm (help_infm_id, help_infm_desc, help_infm_dtl) VALUES ('s10', '是否替换变量', '用户可从下拉框中选择');
INSERT INTO sys_help_infm (help_infm_id, help_infm_desc, help_infm_dtl) VALUES ('s11', '保存精度', '用户可自定义，记录小数点后位数');
INSERT INTO sys_help_infm (help_infm_id, help_infm_desc, help_infm_dtl) VALUES ('s12', '显示名称', '用户可自定义，为该字段的显示名称');
INSERT INTO sys_help_infm (help_infm_id, help_infm_desc, help_infm_dtl) VALUES ('s13', '输入格式', '用户可从下拉框中选择Date, Number, Text');
INSERT INTO sys_help_infm (help_infm_id, help_infm_desc, help_infm_dtl) VALUES ('s14', '显示格式', '用户可从下拉框中选择Date, Number, Text');
INSERT INTO sys_help_infm (help_infm_id, help_infm_desc, help_infm_dtl) VALUES ('s15', '对应维度类型代码', '用户可从下拉框中选择对应维度类型代码');
INSERT INTO sys_help_infm (help_infm_id, help_infm_desc, help_infm_dtl) VALUES ('s16', '维度可选层级', '用户可自定义');
INSERT INTO sys_help_infm (help_infm_id, help_infm_desc, help_infm_dtl) VALUES ('s17', '代码转换', '用户可从下拉框中选择');
INSERT INTO sys_help_infm (help_infm_id, help_infm_desc, help_infm_dtl) VALUES ('s18', '数据集代码', '此为回显状态');
INSERT INTO sys_help_infm (help_infm_id, help_infm_desc, help_infm_dtl) VALUES ('s19', '上级指标代码', '该数据集代码所对应上级数据集代码');
INSERT INTO sys_help_infm (help_infm_id, help_infm_desc, help_infm_dtl) VALUES ('s2', '数据集描述', '用户可自定义，如养老金持仓明细表');
INSERT INTO sys_help_infm (help_infm_id, help_infm_desc, help_infm_dtl) VALUES ('s20', '指标级别', '该数据集代码所对应数据集层级');
INSERT INTO sys_help_infm (help_infm_id, help_infm_desc, help_infm_dtl) VALUES ('s3', '过滤条件', 'sql 语法，不带where 关键字，会与其他过滤条件合并，例如：C1=''123''   AND (C2<=1  OR C3<>1)');
INSERT INTO sys_help_infm (help_infm_id, help_infm_desc, help_infm_dtl) VALUES ('s4', '历史记录方法', 'Z拉链, 默认带查询条件  数据日期#{dt}           数据表必须有字段 ： strt_dt，end_dt           查询条件为：strt_dt<=#{dt} and end_dt>#{dt}N无历史,无特殊处理T时间戳 ,无特殊处理');
INSERT INTO sys_help_infm (help_infm_id, help_infm_desc, help_infm_dtl) VALUES ('s5', '存储表', '用户可填写sql语句或者数据库对应表名');
INSERT INTO sys_help_infm (help_infm_id, help_infm_desc, help_infm_dtl) VALUES ('s6', '字段名称', '用户需要填写存储表中填写sql语句或者数据库表所包含的字段');
INSERT INTO sys_help_infm (help_infm_id, help_infm_desc, help_infm_dtl) VALUES ('s7', '顺序号', '用户可自定义');
INSERT INTO sys_help_infm (help_infm_id, help_infm_desc, help_infm_dtl) VALUES ('s8', '查询字段', '选是，则会先在数据集操作界面中的查询字段列表下显示选否，则不显示');
INSERT INTO sys_help_infm (help_infm_id, help_infm_desc, help_infm_dtl) VALUES ('s9', '是否输出字段', '选是，则会先在数据集操作界面中的输出字段列表下显示选否，则不显示');
INSERT INTO sys_help_infm (help_infm_id, help_infm_desc, help_infm_dtl) VALUES ('scaduleF', '调度状态', '显示当前规则的调度状态');
INSERT INTO sys_help_infm (help_infm_id, help_infm_desc, help_infm_dtl) VALUES ('seqId', '顺序号', null);
INSERT INTO sys_help_infm (help_infm_id, help_infm_desc, help_infm_dtl) VALUES ('sql', '通过sql语句检测', '只有当规则类型选择指定sql/指定sql文件/字段正则表达式时可用，用户可以填写相关sql语句或者指定sql文件的路径。sql语句要求：1. 最多有4个返回值，第一个返回值的结果必须是整型，0表示通过，非0表示不通过，后面3个代表下面的检测指标1，检测指标2，检测指标3。2. 这个sql语句可以使用变量，变量需要事先在系统变量功能中进行配置。“#{TX_DATE10}”和“#{TX_DATE}”为系统保留的变量，分别表示10位和8位的批量日期，可直接引用。如：SELECT 1 , COUNT(1),count(1)+1，2FROM  !{SFULL}.S34_FUND_MOMENT_INDICATOR WHERE TO_DATE(BATCH_DATE,''YYYYMMDD'')=DATE(''#{TX_DATE10}'')    AND TO_DATE(BATCH_DATE,''YYYYMMDD'')=DATE(''#{TX_DATE}'')或者：/etl/DQC/SQL/RN_SQL_FILE_001.sql');
INSERT INTO sys_help_infm (help_infm_id, help_infm_desc, help_infm_dtl) VALUES ('subCd', '调度子系统的代码编号', '请填写对应的调度子系统的代码编号，如APDSP');
INSERT INTO sys_help_infm (help_infm_id, help_infm_desc, help_infm_dtl) VALUES ('sysId', '系统编号', '用户可自定义，例如MYS，ORA');
INSERT INTO sys_help_infm (help_infm_id, help_infm_desc, help_infm_dtl) VALUES ('sysNm', '系统名称', '用户可自定义，例如etl测试环境mysql库');
INSERT INTO sys_help_infm (help_infm_id, help_infm_desc, help_infm_dtl) VALUES ('sysNum', '给变量名赋值', '用户可自定义，例如FGKM注：不可填写特殊字符');
INSERT INTO sys_help_infm (help_infm_id, help_infm_desc, help_infm_dtl) VALUES ('sysVar', '定义变量名', '用户可自定义，不过需要按#{XXX}的形式命名，例如#{FGKM}注意：不可用#{TX_DATE10}和#{TX_DATE}');
INSERT INTO sys_help_infm (help_infm_id, help_infm_desc, help_infm_dtl) VALUES ('t1', '技术指标代码', '新增指标时，用户可自定义。新增完成后，不可修改');
INSERT INTO sys_help_infm (help_infm_id, help_infm_desc, help_infm_dtl) VALUES ('t10', '技术口径描述', '从技术层面来描述该业务指标');
INSERT INTO sys_help_infm (help_infm_id, help_infm_desc, help_infm_dtl) VALUES ('t11', '技术含义SQL', '是否落地为否时填写填写指标生成的带参数的SQL代码,参数代码格式（#{参数代码}）');
INSERT INTO sys_help_infm (help_infm_id, help_infm_desc, help_infm_dtl) VALUES ('t12', '备注', '用户可自定义');
INSERT INTO sys_help_infm (help_infm_id, help_infm_desc, help_infm_dtl) VALUES ('t13', '存储schema', '此为回显状态');
INSERT INTO sys_help_infm (help_infm_id, help_infm_desc, help_infm_dtl) VALUES ('t14', '存储表', '用户可自定义。建议填写数据库中存储schema下的表名，否则校验会失败');
INSERT INTO sys_help_infm (help_infm_id, help_infm_desc, help_infm_dtl) VALUES ('t15', '指标存储字段', '用户可自定义。建议填写数据库中存储schema下表名中的字段名，否则校验会失败');
INSERT INTO sys_help_infm (help_infm_id, help_infm_desc, help_infm_dtl) VALUES ('t16', '关联类型', '此为回显状态');
INSERT INTO sys_help_infm (help_infm_id, help_infm_desc, help_infm_dtl) VALUES ('t17', '关联参数代码', '此为回显状态');
INSERT INTO sys_help_infm (help_infm_id, help_infm_desc, help_infm_dtl) VALUES ('t18', '关联参数值', '此为回显状态');
INSERT INTO sys_help_infm (help_infm_id, help_infm_desc, help_infm_dtl) VALUES ('t19', '指标主体代码', '此为回显状态');
INSERT INTO sys_help_infm (help_infm_id, help_infm_desc, help_infm_dtl) VALUES ('t2', '指标名称', '用户可自定义，如持仓份额');
INSERT INTO sys_help_infm (help_infm_id, help_infm_desc, help_infm_dtl) VALUES ('t20', '指标主体名称', '用户可自定义指标主体的名称');
INSERT INTO sys_help_infm (help_infm_id, help_infm_desc, help_infm_dtl) VALUES ('t21', '维度别名', '用户可自定义');
INSERT INTO sys_help_infm (help_infm_id, help_infm_desc, help_infm_dtl) VALUES ('t22', '物理表字段名', '用户可自定义');
INSERT INTO sys_help_infm (help_infm_id, help_infm_desc, help_infm_dtl) VALUES ('t23', '对应参数代码', '用户可从下拉框中选择对应的参数代码');
INSERT INTO sys_help_infm (help_infm_id, help_infm_desc, help_infm_dtl) VALUES ('t24', '对应维度类型代码', '用户可从下拉框中选择对应的维度类型代码');
INSERT INTO sys_help_infm (help_infm_id, help_infm_desc, help_infm_dtl) VALUES ('t25', '维度可选层级', '用户可自定义');
INSERT INTO sys_help_infm (help_infm_id, help_infm_desc, help_infm_dtl) VALUES ('t26', '上级指标代码', '该指标代码所对应上级指标代码');
INSERT INTO sys_help_infm (help_infm_id, help_infm_desc, help_infm_dtl) VALUES ('t27', '指标级别', '该指标代码所对应指标级别');
INSERT INTO sys_help_infm (help_infm_id, help_infm_desc, help_infm_dtl) VALUES ('t3', '业务归属部门', '用户可从下拉框中选择指标所属部门');
INSERT INTO sys_help_infm (help_infm_id, help_infm_desc, help_infm_dtl) VALUES ('t4', '归属业务指标', '此为回显状态，显示该指标属于哪个业务指标。点击查看按钮，可查看业务指标的详细信息。该指标与归属业务指标关联关系可在业务指标关联的技术指标清单中编辑。');
INSERT INTO sys_help_infm (help_infm_id, help_infm_desc, help_infm_dtl) VALUES ('t5', '指标来源', '用户可自定义，描述该指标来源于哪');
INSERT INTO sys_help_infm (help_infm_id, help_infm_desc, help_infm_dtl) VALUES ('t6', '指标数据类型', '可选择日期，数字，整数，文本');
INSERT INTO sys_help_infm (help_infm_id, help_infm_desc, help_infm_dtl) VALUES ('t7', '指标类型', '可选择基础和派生基础为直接从业务系统取数，派生为数据仓库加工');
INSERT INTO sys_help_infm (help_infm_id, help_infm_desc, help_infm_dtl) VALUES ('t8', '是否落地', '选择是时，则校验存储表信息选择否时，则校验技术含义SQL');
INSERT INTO sys_help_infm (help_infm_id, help_infm_desc, help_infm_dtl) VALUES ('t9', '指标主体', '用户可选择对应的指标主体，技术指标只有一个指标主体。用户可新增和删除指标主体。');
INSERT INTO sys_help_infm (help_infm_id, help_infm_desc, help_infm_dtl) VALUES ('targTab', '需要检测的表名', '用户可以变量名加表名的形式填写，格式如!{PDATA}.T01_PARTY。注意：#{TX_DATE10}和#{TX_DATE}变量不可以被填写!');
INSERT INTO sys_help_infm (help_infm_id, help_infm_desc, help_infm_dtl) VALUES ('tCd', '技术指标代码', null);
INSERT INTO sys_help_infm (help_infm_id, help_infm_desc, help_infm_dtl) VALUES ('tDsc', '指标名称', null);
INSERT INTO sys_help_infm (help_infm_id, help_infm_desc, help_infm_dtl) VALUES ('tFld', '指标存储字段', null);
INSERT INTO sys_help_infm (help_infm_id, help_infm_desc, help_infm_dtl) VALUES ('time', '设定调度触发时间', '当调度触发方式为定时触发时，可用。格式为HH:MM:SS，例如19:20:30');
INSERT INTO sys_help_infm (help_infm_id, help_infm_desc, help_infm_dtl) VALUES ('tLvl', '指标级别', null);
INSERT INTO sys_help_infm (help_infm_id, help_infm_desc, help_infm_dtl) VALUES ('tRmrk', '备注', null);
INSERT INTO sys_help_infm (help_infm_id, help_infm_desc, help_infm_dtl) VALUES ('tRngDc', '技术口径描述', null);
INSERT INTO sys_help_infm (help_infm_id, help_infm_desc, help_infm_dtl) VALUES ('tSQL', '技术含义SQL', null);
INSERT INTO sys_help_infm (help_infm_id, help_infm_desc, help_infm_dtl) VALUES ('tSrc', '指标来源', null);
INSERT INTO sys_help_infm (help_infm_id, help_infm_desc, help_infm_dtl) VALUES ('tUpCd', '上级指标代码', null);
INSERT INTO sys_help_infm (help_infm_id, help_infm_desc, help_infm_dtl) VALUES ('unitCd', '指标单位代码', null);
INSERT INTO sys_help_infm (help_infm_id, help_infm_desc, help_infm_dtl) VALUES ('unitDsc', '指标单位名称', null);
INSERT INTO sys_help_infm (help_infm_id, help_infm_desc, help_infm_dtl) VALUES ('usr', '数据库的用户名和密码', '请填写数据库的用户名和密码');

delete from dq_rule_type_def;
INSERT INTO dq_rule_type_def (CASE_TYPE, CASE_TYPE_DESC, INDEX_DESC1, INDEX_DESC2, INDEX_DESC3, REMARK) VALUES ('COL ENUM', '字段枚举检测', '不在范围内的记录数', '检查总记录数', '', '检测目标表名的 目标表关键字段是否在清单值域 内，格式转义需用户直接转义');
INSERT INTO dq_rule_type_def (CASE_TYPE, CASE_TYPE_DESC, INDEX_DESC1, INDEX_DESC2, INDEX_DESC3, REMARK) VALUES ('COL FK', '字段外键检测', '外键不存在的记录数', '检查总记录数', '', '检测目标表名的 目标表关键字段(，分割多个字段)是否在 比对表表名 的 比对表关键字段 存在 ');
INSERT INTO dq_rule_type_def (CASE_TYPE, CASE_TYPE_DESC, INDEX_DESC1, INDEX_DESC2, INDEX_DESC3, REMARK) VALUES ('COL NAN', '字段非空', '空的记录数', '检查总记录数', '', '检测目标表名的 目标表关键字段是否非空');
INSERT INTO dq_rule_type_def (CASE_TYPE, CASE_TYPE_DESC, INDEX_DESC1, INDEX_DESC2, INDEX_DESC3, REMARK) VALUES ('COL PK', '字段主键检测', '主键重复的记录数', '检查总记录数', '', '检测目标表名的 目标表关键字段(，分割多个字段)是否为主键唯一 ');
INSERT INTO dq_rule_type_def (CASE_TYPE, CASE_TYPE_DESC, INDEX_DESC1, INDEX_DESC2, INDEX_DESC3, REMARK) VALUES ('COL RANG', '字段范围检测', '不在范围内的记录数', '检查总记录数', '', '检测目标表名的 目标表关键字段是否在【范围区间的最小值，范围区间的最大值】内，格式转义需用户直接转义');
INSERT INTO dq_rule_type_def (CASE_TYPE, CASE_TYPE_DESC, INDEX_DESC1, INDEX_DESC2, INDEX_DESC3, REMARK) VALUES ('COL REGULAR', '字段正则表达式', '不在范围内的记录数', '检查总记录数', '', '检测目标表名的 目标表关键字段是否符合在清单值域 内字段正则表达式');
INSERT INTO dq_rule_type_def (CASE_TYPE, CASE_TYPE_DESC, INDEX_DESC1, INDEX_DESC2, INDEX_DESC3, REMARK) VALUES ('SQL', '指定sql', '自定义', '自定义', '', '检测指定SQL 的sql规则');
-- INSERT INTO dq_rule_type_def (CASE_TYPE, CASE_TYPE_DESC, INDEX_DESC1, INDEX_DESC2, INDEX_DESC3, REMARK) VALUES ('SQL FILE', '指定sql文件', '自定义', '自定义', '', '检测指定SQL 路径存在的规则 ');
INSERT INTO dq_rule_type_def (CASE_TYPE, CASE_TYPE_DESC, INDEX_DESC1, INDEX_DESC2, INDEX_DESC3, REMARK) VALUES ('TAB NAN', '表非空', '', '', '', '检测目标表名是否非空');
-- INSERT INTO dq_rule_type_def (CASE_TYPE, CASE_TYPE_DESC, INDEX_DESC1, INDEX_DESC2, INDEX_DESC3, REMARK) VALUES ('TAB SIZE', '表数据量增量', '当日增量记录数x', '上日增量记录数y', '(x-y)/y*100', '');


delete from update_info;
INSERT INTO update_info (UPDATE_TYPE,IS_UPDATE) VALUES ('Interface', '1');
INSERT INTO update_info (UPDATE_TYPE,IS_UPDATE) VALUES ('Table', '1');
INSERT INTO update_info (UPDATE_TYPE,IS_UPDATE) VALUES ('Token', '1');