-- 存储层数据类型长度对照主表
truncate length_contrast_sum;
INSERT INTO length_contrast_sum (dlcs_id, dlcs_name, dlcs_remark) VALUES (1000000000, 'DEFAULT', 'DEFAULT长度对照');
INSERT INTO length_contrast_sum (dlcs_id, dlcs_name, dlcs_remark) VALUES (2000000000, 'ORACLE', 'ORACLE长度对照');
-- 存储层数据类型长度对照表
truncate length_contrast;
INSERT INTO length_contrast (dlc_id, dlc_type, dlc_length, dlc_remark, dlcs_id) VALUES (1000000001, 'TIMESTAMP', 14, '', 1000000000);
INSERT INTO length_contrast (dlc_id, dlc_type, dlc_length, dlc_remark, dlcs_id) VALUES (1000000002, 'LONGVARCHAR', 4000, '', 1000000000);
INSERT INTO length_contrast (dlc_id, dlc_type, dlc_length, dlc_remark, dlcs_id) VALUES (1000000003, 'INT4', 10, '', 1000000000);
INSERT INTO length_contrast (dlc_id, dlc_type, dlc_length, dlc_remark, dlcs_id) VALUES (1000000004, 'INTEGER', 12, '', 1000000000);
INSERT INTO length_contrast (dlc_id, dlc_type, dlc_length, dlc_remark, dlcs_id) VALUES (1000000005, 'REAL', 16, '', 1000000000);
INSERT INTO length_contrast (dlc_id, dlc_type, dlc_length, dlc_remark, dlcs_id) VALUES (1000000006, 'DOUBLE', 24, '', 1000000000);
INSERT INTO length_contrast (dlc_id, dlc_type, dlc_length, dlc_remark, dlcs_id) VALUES (1000000007, 'DATE', 8, '', 1000000000);
INSERT INTO length_contrast (dlc_id, dlc_type, dlc_length, dlc_remark, dlcs_id) VALUES (1000000008, 'CLOB', 4000, '', 1000000000);
INSERT INTO length_contrast (dlc_id, dlc_type, dlc_length, dlc_remark, dlcs_id) VALUES (1000000009, 'BLOB', 4000, '', 1000000000);
INSERT INTO length_contrast (dlc_id, dlc_type, dlc_length, dlc_remark, dlcs_id) VALUES (1000000010, 'INT', 10, '', 1000000000);
INSERT INTO length_contrast (dlc_id, dlc_type, dlc_length, dlc_remark, dlcs_id) VALUES (1000000011, 'DECFLOAT', 34, '', 1000000000);
INSERT INTO length_contrast (dlc_id, dlc_type, dlc_length, dlc_remark, dlcs_id) VALUES (1000000012, 'BIGINT', 22, '', 1000000000);
INSERT INTO length_contrast (dlc_id, dlc_type, dlc_length, dlc_remark, dlcs_id) VALUES (1000000013, 'SMALLINT', 8, '', 1000000000);
INSERT INTO length_contrast (dlc_id, dlc_type, dlc_length, dlc_remark, dlcs_id) VALUES (1000000014, 'INT8', 19, '', 1000000000);
INSERT INTO length_contrast (dlc_id, dlc_type, dlc_length, dlc_remark, dlcs_id) VALUES (1000000015, 'NUMBER', 19, null, 1000000000);
INSERT INTO length_contrast (dlc_id, dlc_type, dlc_length, dlc_remark, dlcs_id) VALUES (2000000001, 'INT', 10, '', 2000000000);
INSERT INTO length_contrast (dlc_id, dlc_type, dlc_length, dlc_remark, dlcs_id) VALUES (2000000002, 'BLOB', 4000, '', 2000000000);
INSERT INTO length_contrast (dlc_id, dlc_type, dlc_length, dlc_remark, dlcs_id) VALUES (2000000003, 'LONGVARCHAR', 4000, '', 2000000000);
INSERT INTO length_contrast (dlc_id, dlc_type, dlc_length, dlc_remark, dlcs_id) VALUES (2000000004, 'CLOB', 4000, null, 2000000000);
INSERT INTO length_contrast (dlc_id, dlc_type, dlc_length, dlc_remark, dlcs_id) VALUES (2000000005, 'DATE', 8, '', 2000000000);
INSERT INTO length_contrast (dlc_id, dlc_type, dlc_length, dlc_remark, dlcs_id) VALUES (2000000006, 'DECFLOAT', 34, '', 2000000000);
INSERT INTO length_contrast (dlc_id, dlc_type, dlc_length, dlc_remark, dlcs_id) VALUES (2000000007, 'DOUBLE', 24, '', 2000000000);
INSERT INTO length_contrast (dlc_id, dlc_type, dlc_length, dlc_remark, dlcs_id) VALUES (2000000008, 'SMALLINT', 8, '', 2000000000);
INSERT INTO length_contrast (dlc_id, dlc_type, dlc_length, dlc_remark, dlcs_id) VALUES (2000000009, 'INT4', 10, '', 2000000000);
INSERT INTO length_contrast (dlc_id, dlc_type, dlc_length, dlc_remark, dlcs_id) VALUES (2000000010, 'REAL', 16, '', 2000000000);
INSERT INTO length_contrast (dlc_id, dlc_type, dlc_length, dlc_remark, dlcs_id) VALUES (2000000011, 'INTEGER', 12, '', 2000000000);
INSERT INTO length_contrast (dlc_id, dlc_type, dlc_length, dlc_remark, dlcs_id) VALUES (2000000012, 'BIGINT', 22, '', 2000000000);
INSERT INTO length_contrast (dlc_id, dlc_type, dlc_length, dlc_remark, dlcs_id) VALUES (2000000013, 'TIMESTAMP', 14, '', 2000000000);
INSERT INTO length_contrast (dlc_id, dlc_type, dlc_length, dlc_remark, dlcs_id) VALUES (2000000014, 'NUMBER', 19, null, 2000000000);
-- 数据类型对照主表
truncate type_contrast_sum;
INSERT INTO type_contrast_sum (dtcs_id, dtcs_name, dtcs_remark) VALUES (1000000000, 'DEFAULT', 'DEFAULT类型对照');
INSERT INTO type_contrast_sum (dtcs_id, dtcs_name, dtcs_remark) VALUES (2000000000, 'ORACLE', 'ORACLE类型对照');
INSERT INTO type_contrast_sum (dtcs_id, dtcs_name, dtcs_remark) VALUES (3000000000, 'PSQL', 'PSQL类型对照');
-- 存储层数据类型对照表
truncate type_contrast;
INSERT INTO type_contrast (dtc_id, source_type, target_type, dtc_remark, dtcs_id) VALUES (1000000001, 'CLOB', 'STRING', '', 1000000000);
INSERT INTO type_contrast (dtc_id, source_type, target_type, dtc_remark, dtcs_id) VALUES (1000000002, 'CLOB()', 'STRING', '', 1000000000);
INSERT INTO type_contrast (dtc_id, source_type, target_type, dtc_remark, dtcs_id) VALUES (1000000003, 'BLOB()', 'STRING', '', 1000000000);
INSERT INTO type_contrast (dtc_id, source_type, target_type, dtc_remark, dtcs_id) VALUES (1000000004, 'BLOB', 'STRING', '', 1000000000);
INSERT INTO type_contrast (dtc_id, source_type, target_type, dtc_remark, dtcs_id) VALUES (1000000005, 'LONG RAW()', 'STRING', '', 1000000000);
INSERT INTO type_contrast (dtc_id, source_type, target_type, dtc_remark, dtcs_id) VALUES (1000000006, 'DATE()', 'STRING', '', 1000000000);
INSERT INTO type_contrast (dtc_id, source_type, target_type, dtc_remark, dtcs_id) VALUES (1000000007, 'TIMESTAMP()', 'STRING', '', 1000000000);
INSERT INTO type_contrast (dtc_id, source_type, target_type, dtc_remark, dtcs_id) VALUES (1000000008, 'TEXT', 'STRING', '', 1000000000);
INSERT INTO type_contrast (dtc_id, source_type, target_type, dtc_remark, dtcs_id) VALUES (1000000009, 'TEXT()', 'STRING', '', 1000000000);
INSERT INTO type_contrast (dtc_id, source_type, target_type, dtc_remark, dtcs_id) VALUES (1000000010, 'INT4', 'INT', '', 1000000000);
INSERT INTO type_contrast (dtc_id, source_type, target_type, dtc_remark, dtcs_id) VALUES (1000000011, 'CHARACTER()', 'STRING', '', 1000000000);
INSERT INTO type_contrast (dtc_id, source_type, target_type, dtc_remark, dtcs_id) VALUES (1000000012, 'MONEY()', 'DOUBLE', '', 1000000000);
INSERT INTO type_contrast (dtc_id, source_type, target_type, dtc_remark, dtcs_id) VALUES (1000000013, 'SMALLDATETIME', 'STRING', '', 1000000000);
INSERT INTO type_contrast (dtc_id, source_type, target_type, dtc_remark, dtcs_id) VALUES (1000000014, 'SERIAL8', 'BIGINT', '', 1000000000);
INSERT INTO type_contrast (dtc_id, source_type, target_type, dtc_remark, dtcs_id) VALUES (1000000015, 'TIMESTAMP', 'STRING', '', 1000000000);
INSERT INTO type_contrast (dtc_id, source_type, target_type, dtc_remark, dtcs_id) VALUES (1000000016, 'INTEGER', 'INT', '', 1000000000);
INSERT INTO type_contrast (dtc_id, source_type, target_type, dtc_remark, dtcs_id) VALUES (1000000017, 'SERIAL', 'INT', '', 1000000000);
INSERT INTO type_contrast (dtc_id, source_type, target_type, dtc_remark, dtcs_id) VALUES (1000000018, 'NVARCHAR()', 'STRING', '', 1000000000);
INSERT INTO type_contrast (dtc_id, source_type, target_type, dtc_remark, dtcs_id) VALUES (1000000019, 'SMALLMONEY', 'DOUBLE', '', 1000000000);
INSERT INTO type_contrast (dtc_id, source_type, target_type, dtc_remark, dtcs_id) VALUES (1000000020, 'TIME', 'STRING', '', 1000000000);
INSERT INTO type_contrast (dtc_id, source_type, target_type, dtc_remark, dtcs_id) VALUES (1000000021, 'INT8', 'BIGINT', '', 1000000000);
INSERT INTO type_contrast (dtc_id, source_type, target_type, dtc_remark, dtcs_id) VALUES (1000000022, 'MEDIUMINT', 'TNT', '', 1000000000);
INSERT INTO type_contrast (dtc_id, source_type, target_type, dtc_remark, dtcs_id) VALUES (1000000023, 'SMALLFLOAT', 'FLOAT', '', 1000000000);
INSERT INTO type_contrast (dtc_id, source_type, target_type, dtc_remark, dtcs_id) VALUES (1000000024, 'BIT', 'STRING', '', 1000000000);
INSERT INTO type_contrast (dtc_id, source_type, target_type, dtc_remark, dtcs_id) VALUES (1000000025, 'LVARCHAR', 'STRING', '', 1000000000);
INSERT INTO type_contrast (dtc_id, source_type, target_type, dtc_remark, dtcs_id) VALUES (1000000026, 'NUMERIC()', 'DECIMAL()', '', 1000000000);
INSERT INTO type_contrast (dtc_id, source_type, target_type, dtc_remark, dtcs_id) VALUES (1000000027, 'DATE', 'STRING', '', 1000000000);
INSERT INTO type_contrast (dtc_id, source_type, target_type, dtc_remark, dtcs_id) VALUES (1000000028, 'LVARCHAR()', 'STRING', '', 1000000000);
INSERT INTO type_contrast (dtc_id, source_type, target_type, dtc_remark, dtcs_id) VALUES (1000000029, 'VARCHAR2()', 'STRING', '', 1000000000);
INSERT INTO type_contrast (dtc_id, source_type, target_type, dtc_remark, dtcs_id) VALUES (1000000030, 'DATETIME2', 'STRING', '', 1000000000);
INSERT INTO type_contrast (dtc_id, source_type, target_type, dtc_remark, dtcs_id) VALUES (1000000031, 'DATETIME', 'STRING', '', 1000000000);
INSERT INTO type_contrast (dtc_id, source_type, target_type, dtc_remark, dtcs_id) VALUES (1000000032, 'NCHAR()', 'STRING', '', 1000000000);
INSERT INTO type_contrast (dtc_id, source_type, target_type, dtc_remark, dtcs_id) VALUES (1000000033, 'REAL', 'FLOAT', '', 1000000000);
INSERT INTO type_contrast (dtc_id, source_type, target_type, dtc_remark, dtcs_id) VALUES (1000000034, 'TNT8', 'BIGINT', '', 1000000000);
INSERT INTO type_contrast (dtc_id, source_type, target_type, dtc_remark, dtcs_id) VALUES (1000000035, 'CHAR()', 'STRING', '', 1000000000);
INSERT INTO type_contrast (dtc_id, source_type, target_type, dtc_remark, dtcs_id) VALUES (1000000036, 'BYTEINT', 'INT', '', 1000000000);
INSERT INTO type_contrast (dtc_id, source_type, target_type, dtc_remark, dtcs_id) VALUES (1000000037, 'NUMBER()', 'DECIMAL()', '', 1000000000);
INSERT INTO type_contrast (dtc_id, source_type, target_type, dtc_remark, dtcs_id) VALUES (1000000038, 'BPCHAR()', 'STRING', '', 1000000000);
INSERT INTO type_contrast (dtc_id, source_type, target_type, dtc_remark, dtcs_id) VALUES (2000000001, 'UNIQUEIDENTIFIER()', 'NROWID()', '', 2000000000);
INSERT INTO type_contrast (dtc_id, source_type, target_type, dtc_remark, dtcs_id) VALUES (2000000002, 'SMALLINT()', 'NUMERIC()', '', 2000000000);
INSERT INTO type_contrast (dtc_id, source_type, target_type, dtc_remark, dtcs_id) VALUES (2000000003, 'TINYINT()', 'NUMERIC()', '', 2000000000);
INSERT INTO type_contrast (dtc_id, source_type, target_type, dtc_remark, dtcs_id) VALUES (2000000004, 'IMAGE()', 'BLOB', '', 2000000000);
INSERT INTO type_contrast (dtc_id, source_type, target_type, dtc_remark, dtcs_id) VALUES (2000000005, 'BINARY_DOUBLE()', 'DOUBLE()', '', 2000000000);
INSERT INTO type_contrast (dtc_id, source_type, target_type, dtc_remark, dtcs_id) VALUES (2000000006, 'TEXT()', 'CLOB', '', 2000000000);
INSERT INTO type_contrast (dtc_id, source_type, target_type, dtc_remark, dtcs_id) VALUES (2000000007, 'NCLOB()', 'NCLOB', '', 2000000000);
INSERT INTO type_contrast (dtc_id, source_type, target_type, dtc_remark, dtcs_id) VALUES (2000000008, 'INT8', 'NUMBER', '', 2000000000);
INSERT INTO type_contrast (dtc_id, source_type, target_type, dtc_remark, dtcs_id) VALUES (2000000009, 'BLOB()', 'BLOB', '', 2000000000);
INSERT INTO type_contrast (dtc_id, source_type, target_type, dtc_remark, dtcs_id) VALUES (2000000010, 'NUMBER()', 'NUMERIC()', '', 2000000000);
INSERT INTO type_contrast (dtc_id, source_type, target_type, dtc_remark, dtcs_id) VALUES (2000000011, 'IMAGE', 'BLOB', '', 2000000000);
INSERT INTO type_contrast (dtc_id, source_type, target_type, dtc_remark, dtcs_id) VALUES (2000000012, 'CLOB()', 'CLOB', '', 2000000000);
INSERT INTO type_contrast (dtc_id, source_type, target_type, dtc_remark, dtcs_id) VALUES (2000000013, 'DOUBLE()', 'NUMERIC()', '', 2000000000);
INSERT INTO type_contrast (dtc_id, source_type, target_type, dtc_remark, dtcs_id) VALUES (2000000014, 'NTEXT()', 'CLOB', '', 2000000000);
INSERT INTO type_contrast (dtc_id, source_type, target_type, dtc_remark, dtcs_id) VALUES (2000000015, 'BINARY()', 'BLOB', '', 2000000000);
INSERT INTO type_contrast (dtc_id, source_type, target_type, dtc_remark, dtcs_id) VALUES (2000000016, 'VARBINARY()', 'BLOB', '', 2000000000);
INSERT INTO type_contrast (dtc_id, source_type, target_type, dtc_remark, dtcs_id) VALUES (2000000017, 'ST_GEOMETRY', 'VARCHAR2()', '', 2000000000);
INSERT INTO type_contrast (dtc_id, source_type, target_type, dtc_remark, dtcs_id) VALUES (2000000018, 'VARBINARY', 'BLOB', '', 2000000000);
INSERT INTO type_contrast (dtc_id, source_type, target_type, dtc_remark, dtcs_id) VALUES (2000000019, 'SMALLINT', 'NUMERIC()', '', 2000000000);
INSERT INTO type_contrast (dtc_id, source_type, target_type, dtc_remark, dtcs_id) VALUES (2000000020, 'TEXT', 'CLOB', '', 2000000000);
INSERT INTO type_contrast (dtc_id, source_type, target_type, dtc_remark, dtcs_id) VALUES (2000000021, 'FLOAT()', 'NUMERIC()', '', 2000000000);
INSERT INTO type_contrast (dtc_id, source_type, target_type, dtc_remark, dtcs_id) VALUES (2000000022, 'UNIQUEIDENTIFIER', 'NROWID()', '', 2000000000);
INSERT INTO type_contrast (dtc_id, source_type, target_type, dtc_remark, dtcs_id) VALUES (2000000023, 'SMALLDATETIME', 'VARCHAR2(32)', '', 2000000000);
INSERT INTO type_contrast (dtc_id, source_type, target_type, dtc_remark, dtcs_id) VALUES (2000000024, 'NTEXT', 'CLOB', '', 2000000000);
INSERT INTO type_contrast (dtc_id, source_type, target_type, dtc_remark, dtcs_id) VALUES (2000000025, 'LONG RAW()', 'BLOB', '', 2000000000);
INSERT INTO type_contrast (dtc_id, source_type, target_type, dtc_remark, dtcs_id) VALUES (2000000026, 'BIT', 'VARCHAR2(32)', '', 2000000000);
INSERT INTO type_contrast (dtc_id, source_type, target_type, dtc_remark, dtcs_id) VALUES (2000000027, 'BIT()', 'VARCHAR2(32)', '', 2000000000);
INSERT INTO type_contrast (dtc_id, source_type, target_type, dtc_remark, dtcs_id) VALUES (2000000028, 'DATETIME', 'VARCHAR2(32)', '', 2000000000);
INSERT INTO type_contrast (dtc_id, source_type, target_type, dtc_remark, dtcs_id) VALUES (2000000029, 'VARCHAR()', 'VARCHAR2()', '', 2000000000);
INSERT INTO type_contrast (dtc_id, source_type, target_type, dtc_remark, dtcs_id) VALUES (2000000030, 'INT4', 'INT', '', 2000000000);
INSERT INTO type_contrast (dtc_id, source_type, target_type, dtc_remark, dtcs_id) VALUES (2000000031, 'BINARY', 'BLOB', '', 2000000000);
INSERT INTO type_contrast (dtc_id, source_type, target_type, dtc_remark, dtcs_id) VALUES (2000000032, 'DATE', 'VARCHAR2(32)', '', 2000000000);
INSERT INTO type_contrast (dtc_id, source_type, target_type, dtc_remark, dtcs_id) VALUES (2000000033, 'DOUBLE', 'NUMERIC()', '', 2000000000);
INSERT INTO type_contrast (dtc_id, source_type, target_type, dtc_remark, dtcs_id) VALUES (2000000034, 'TINYINT', 'NUMERIC()', '', 2000000000);
INSERT INTO type_contrast (dtc_id, source_type, target_type, dtc_remark, dtcs_id) VALUES (2000000035, 'BPCHAR()', 'CHAR()', '', 2000000000);
INSERT INTO type_contrast (dtc_id, source_type, target_type, dtc_remark, dtcs_id) VALUES (2000000036, 'SMALLDATETIME()', 'VARCHAR2(32)', '', 2000000000);
INSERT INTO type_contrast (dtc_id, source_type, target_type, dtc_remark, dtcs_id) VALUES (2000000037, 'INT4', 'NUMBER', '', 2000000000);
INSERT INTO type_contrast (dtc_id, source_type, target_type, dtc_remark, dtcs_id) VALUES (2000000038, 'DATE()', 'VARCHAR2(32)', '', 2000000000);
INSERT INTO type_contrast (dtc_id, source_type, target_type, dtc_remark, dtcs_id) VALUES (2000000039, 'DATETIME()', 'VARCHAR2(32)', '', 2000000000);
INSERT INTO type_contrast (dtc_id, source_type, target_type, dtc_remark, dtcs_id) VALUES (2000000040, 'ST_GEOMETRY()', 'VARCHAR2()', '', 2000000000);
INSERT INTO type_contrast (dtc_id, source_type, target_type, dtc_remark, dtcs_id) VALUES (2000000041, 'INTEGER', 'NUMERIC()', '', 2000000000);
INSERT INTO type_contrast (dtc_id, source_type, target_type, dtc_remark, dtcs_id) VALUES (3000000001, 'INT4', 'INT', '', 3000000000);
INSERT INTO type_contrast (dtc_id, source_type, target_type, dtc_remark, dtcs_id) VALUES (3000000002, 'SMALLDATETIME', 'VARCHAR(32)', '', 3000000000);
INSERT INTO type_contrast (dtc_id, source_type, target_type, dtc_remark, dtcs_id) VALUES (3000000003, 'CLOB()', 'TEXT', '', 3000000000);
INSERT INTO type_contrast (dtc_id, source_type, target_type, dtc_remark, dtcs_id) VALUES (3000000004, 'BIT()', 'VARCHAR(32)', '', 3000000000);
INSERT INTO type_contrast (dtc_id, source_type, target_type, dtc_remark, dtcs_id) VALUES (3000000005, 'INT8', 'BIGINT', '', 3000000000);
INSERT INTO type_contrast (dtc_id, source_type, target_type, dtc_remark, dtcs_id) VALUES (3000000006, 'TEXT()', 'TEXT', '', 3000000000);
INSERT INTO type_contrast (dtc_id, source_type, target_type, dtc_remark, dtcs_id) VALUES (3000000007, 'NCLOB()', 'TEXT', '', 3000000000);
INSERT INTO type_contrast (dtc_id, source_type, target_type, dtc_remark, dtcs_id) VALUES (3000000008, 'VARCHAR2()', 'VARCHAR()', '', 3000000000);
INSERT INTO type_contrast (dtc_id, source_type, target_type, dtc_remark, dtcs_id) VALUES (3000000009, 'DATETIME()', 'VARCHAR(32)', '', 3000000000);
INSERT INTO type_contrast (dtc_id, source_type, target_type, dtc_remark, dtcs_id) VALUES (3000000010, 'NVARCHAR()', 'VARCHAR()', '', 3000000000);
INSERT INTO type_contrast (dtc_id, source_type, target_type, dtc_remark, dtcs_id) VALUES (3000000011, 'NUMBER()', 'NUMERIC', '', 3000000000);
INSERT INTO type_contrast (dtc_id, source_type, target_type, dtc_remark, dtcs_id) VALUES (3000000012, 'SMALLINT()', 'NUMERIC', '', 3000000000);
INSERT INTO type_contrast (dtc_id, source_type, target_type, dtc_remark, dtcs_id) VALUES (3000000013, 'BPCHAR()', 'CHAR()', '', 3000000000);
INSERT INTO type_contrast (dtc_id, source_type, target_type, dtc_remark, dtcs_id) VALUES (3000000014, 'NUMERIC', 'NUMERIC', '', 3000000000);
INSERT INTO type_contrast (dtc_id, source_type, target_type, dtc_remark, dtcs_id) VALUES (3000000015, 'ST_GEOMETRY()', 'VARCHAR()', '', 3000000000);
INSERT INTO type_contrast (dtc_id, source_type, target_type, dtc_remark, dtcs_id) VALUES (3000000016, 'TINYINT()', 'NUMERIC', '', 3000000000);
INSERT INTO type_contrast (dtc_id, source_type, target_type, dtc_remark, dtcs_id) VALUES (3000000017, 'NTEXT', 'TEXT', '', 3000000000);
INSERT INTO type_contrast (dtc_id, source_type, target_type, dtc_remark, dtcs_id) VALUES (3000000018, 'BIT', 'VARCHAR(32)', '', 3000000000);
INSERT INTO type_contrast (dtc_id, source_type, target_type, dtc_remark, dtcs_id) VALUES (3000000019, 'NTEXT()', 'TEXT', '', 3000000000);
INSERT INTO type_contrast (dtc_id, source_type, target_type, dtc_remark, dtcs_id) VALUES (3000000020, 'BINARY_DOUBLE()', 'NUMERIC', '', 3000000000);
INSERT INTO type_contrast (dtc_id, source_type, target_type, dtc_remark, dtcs_id) VALUES (3000000021, 'VARCHAR()', 'VARCHAR()', '', 3000000000);
INSERT INTO type_contrast (dtc_id, source_type, target_type, dtc_remark, dtcs_id) VALUES (3000000022, 'ST_GEOMETRY', 'VARCHAR()', '', 3000000000);
INSERT INTO type_contrast (dtc_id, source_type, target_type, dtc_remark, dtcs_id) VALUES (3000000023, 'DATE', 'VARCHAR(32)', '', 3000000000);
INSERT INTO type_contrast (dtc_id, source_type, target_type, dtc_remark, dtcs_id) VALUES (3000000024, 'TINYINT', 'NUMERIC', '', 3000000000);
INSERT INTO type_contrast (dtc_id, source_type, target_type, dtc_remark, dtcs_id) VALUES (3000000025, 'CHAR()', 'CHAR()', '', 3000000000);
INSERT INTO type_contrast (dtc_id, source_type, target_type, dtc_remark, dtcs_id) VALUES (3000000026, 'SMALLDATETIME()', 'VARCHAR(32)', '', 3000000000);
INSERT INTO type_contrast (dtc_id, source_type, target_type, dtc_remark, dtcs_id) VALUES (3000000027, 'DATETIME', 'VARCHAR(32)', '', 3000000000);
INSERT INTO type_contrast (dtc_id, source_type, target_type, dtc_remark, dtcs_id) VALUES (3000000028, 'SMALLINT', 'NUMERIC', '', 3000000000);
INSERT INTO type_contrast (dtc_id, source_type, target_type, dtc_remark, dtcs_id) VALUES (3000000029, 'FLOAT()', 'NUMERIC', '', 3000000000);
INSERT INTO type_contrast (dtc_id, source_type, target_type, dtc_remark, dtcs_id) VALUES (3000000030, 'LONG RAW()', 'TEXT', '', 3000000000);
INSERT INTO type_contrast (dtc_id, source_type, target_type, dtc_remark, dtcs_id) VALUES (3000000031, 'DOUBLE()', 'NUMERIC', '', 3000000000);
INSERT INTO type_contrast (dtc_id, source_type, target_type, dtc_remark, dtcs_id) VALUES (3000000032, 'DATE()', 'VARCHAR(32)', '', 3000000000);
INSERT INTO type_contrast (dtc_id, source_type, target_type, dtc_remark, dtcs_id) VALUES (3000000033, 'BOOLEAN', 'BOOLEAN', '', 3000000000);